benchmark,case,benchmark_cpu,membind_node,load_pct,rate,repeat,trial_time_s,slowdown_vs_load0,sum_noise_bandwidth_mbs
bfs,culprit,4,1,0,,1,0.033140,0.997772,0.000000
bfs,culprit,4,1,0,,2,0.033230,1.000482,0.000000
bfs,culprit,4,1,0,,3,0.033210,0.999880,0.000000
bfs,culprit,4,1,0,,4,0.033260,1.001385,0.000000
bfs,culprit,4,1,0,,5,0.033230,1.000482,0.000000
bfs,culprit,4,1,25,1000,1,0.034090,1.026374,4279.980000
bfs,culprit,4,1,25,1000,2,0.034170,1.028783,4278.660000
bfs,culprit,4,1,25,1000,3,0.034080,1.026073,4278.230000
bfs,culprit,4,1,25,1000,4,0.034090,1.026374,4279.200000
bfs,culprit,4,1,25,1000,5,0.034280,1.032095,4279.380000
bfs,culprit,4,1,50,500,1,0.034550,1.040224,8358.550000
bfs,culprit,4,1,50,500,2,0.034680,1.044138,8358.610000
bfs,culprit,4,1,50,500,3,0.034790,1.047450,8357.720000
bfs,culprit,4,1,50,500,4,0.034390,1.035407,8357.910000
bfs,culprit,4,1,50,500,5,0.034510,1.039020,8357.480000
bfs,culprit,4,1,75,220,1,0.051010,1.535798,19153.800000
bfs,culprit,4,1,75,220,2,0.049190,1.481002,19183.700000
bfs,culprit,4,1,75,220,3,0.047810,1.439453,19162.570000
bfs,culprit,4,1,75,220,4,0.046950,1.413561,19176.270000
bfs,culprit,4,1,75,220,5,0.045930,1.382851,19201.510000
bfs,culprit,4,1,100,0,1,0.050100,1.508400,20076.230000
bfs,culprit,4,1,100,0,2,0.049500,1.490335,19984.620000
bfs,culprit,4,1,100,0,3,0.048620,1.463841,19937.490000
bfs,culprit,4,1,100,0,4,0.050220,1.512013,19998.170000
bfs,culprit,4,1,100,0,5,0.049040,1.476486,19920.970000
bfs,related-inter,7,1,0,,1,0.033140,1.003270,0.000000
bfs,related-inter,7,1,0,,2,0.032950,0.997518,0.000000
bfs,related-inter,7,1,0,,3,0.033000,0.999031,0.000000
bfs,related-inter,7,1,0,,4,0.033010,0.999334,0.000000
bfs,related-inter,7,1,0,,5,0.033060,1.000848,0.000000
bfs,related-inter,7,1,25,1000,1,0.033400,1.011141,4278.460000
bfs,related-inter,7,1,25,1000,2,0.033400,1.011141,4279.100000
bfs,related-inter,7,1,25,1000,3,0.033330,1.009022,4278.380000
bfs,related-inter,7,1,25,1000,4,0.033420,1.011746,4278.160000
bfs,related-inter,7,1,25,1000,5,0.033460,1.012957,4278.840000
bfs,related-inter,7,1,50,500,1,0.033650,1.018709,8357.460000
bfs,related-inter,7,1,50,500,2,0.033930,1.027186,8356.630000
bfs,related-inter,7,1,50,500,3,0.033790,1.022947,8357.530000
bfs,related-inter,7,1,50,500,4,0.033860,1.025067,8357.720000
bfs,related-inter,7,1,50,500,5,0.033920,1.026883,8355.900000
bfs,related-inter,7,1,75,220,1,0.035640,1.078954,19312.920000
bfs,related-inter,7,1,75,220,2,0.035700,1.080770,19311.650000
bfs,related-inter,7,1,75,220,3,0.035740,1.081981,19322.780000
bfs,related-inter,7,1,75,220,4,0.035720,1.081376,19321.000000
bfs,related-inter,7,1,75,220,5,0.035730,1.081678,19325.080000
bfs,related-inter,7,1,100,0,1,0.035520,1.075321,20868.360000
bfs,related-inter,7,1,100,0,2,0.035540,1.075926,20865.910000
bfs,related-inter,7,1,100,0,3,0.035670,1.079862,20858.770000
bfs,related-inter,7,1,100,0,4,0.035650,1.079256,20868.060000
bfs,related-inter,7,1,100,0,5,0.035630,1.078651,20871.390000
bfs,irrelevant-within,4,3,0,,1,0.032900,0.996125,0.000000
bfs,irrelevant-within,4,3,0,,2,0.033020,0.999758,0.000000
bfs,irrelevant-within,4,3,0,,3,0.033040,1.000363,0.000000
bfs,irrelevant-within,4,3,0,,4,0.033180,1.004602,0.000000
bfs,irrelevant-within,4,3,0,,5,0.033000,0.999152,0.000000
bfs,irrelevant-within,4,3,25,1000,1,0.033620,1.017924,4279.250000
bfs,irrelevant-within,4,3,25,1000,2,0.033740,1.021557,4279.090000
bfs,irrelevant-within,4,3,25,1000,3,0.033450,1.012777,4278.810000
bfs,irrelevant-within,4,3,25,1000,4,0.034560,1.046385,4277.630000
bfs,irrelevant-within,4,3,25,1000,5,0.033740,1.021557,4279.550000
bfs,irrelevant-within,4,3,50,500,1,0.034360,1.040329,8357.400000
bfs,irrelevant-within,4,3,50,500,2,0.033890,1.026099,8357.260000
bfs,irrelevant-within,4,3,50,500,3,0.033640,1.018530,8357.960000
bfs,irrelevant-within,4,3,50,500,4,0.036010,1.090287,8358.460000
bfs,irrelevant-within,4,3,50,500,5,0.033800,1.023374,8357.810000
bfs,irrelevant-within,4,3,75,220,1,0.035220,1.066368,19379.490000
bfs,irrelevant-within,4,3,75,220,2,0.035350,1.070304,19353.050000
bfs,irrelevant-within,4,3,75,220,3,0.035450,1.073332,19397.080000
bfs,irrelevant-within,4,3,75,220,4,0.038030,1.151447,19311.310000
bfs,irrelevant-within,4,3,75,220,5,0.035900,1.086957,19327.630000
bfs,irrelevant-within,4,3,100,0,1,0.044760,1.355214,20910.480000
bfs,irrelevant-within,4,3,100,0,2,0.044720,1.354003,20880.770000
bfs,irrelevant-within,4,3,100,0,3,0.044720,1.354003,20917.410000
bfs,irrelevant-within,4,3,100,0,4,0.045100,1.365508,20911.070000
bfs,irrelevant-within,4,3,100,0,5,0.044750,1.354911,20892.200000
bfs,irrelevant-inter,7,3,0,,1,0.032620,0.996883,0.000000
bfs,irrelevant-inter,7,3,0,,2,0.032730,1.000244,0.000000
bfs,irrelevant-inter,7,3,0,,3,0.032740,1.000550,0.000000
bfs,irrelevant-inter,7,3,0,,4,0.032740,1.000550,0.000000
bfs,irrelevant-inter,7,3,0,,5,0.032780,1.001773,0.000000
bfs,irrelevant-inter,7,3,25,1000,1,0.032880,1.004829,4278.510000
bfs,irrelevant-inter,7,3,25,1000,2,0.032660,0.998105,4278.440000
bfs,irrelevant-inter,7,3,25,1000,3,0.032840,1.003606,4278.440000
bfs,irrelevant-inter,7,3,25,1000,4,0.032800,1.002384,4279.000000
bfs,irrelevant-inter,7,3,25,1000,5,0.032730,1.000244,4278.880000
bfs,irrelevant-inter,7,3,50,500,1,0.032810,1.002689,8357.220000
bfs,irrelevant-inter,7,3,50,500,2,0.032910,1.005745,8354.470000
bfs,irrelevant-inter,7,3,50,500,3,0.032820,1.002995,8357.680000
bfs,irrelevant-inter,7,3,50,500,4,0.032870,1.004523,8356.560000
bfs,irrelevant-inter,7,3,50,500,5,0.032890,1.005134,8357.850000
bfs,irrelevant-inter,7,3,75,220,1,0.032930,1.006357,19345.920000
bfs,irrelevant-inter,7,3,75,220,2,0.032790,1.002078,19369.870000
bfs,irrelevant-inter,7,3,75,220,3,0.032760,1.001161,19364.930000
bfs,irrelevant-inter,7,3,75,220,4,0.032890,1.005134,19378.970000
bfs,irrelevant-inter,7,3,75,220,5,0.032790,1.002078,19326.300000
bfs,irrelevant-inter,7,3,100,0,1,0.032860,1.004217,21315.180000
bfs,irrelevant-inter,7,3,100,0,2,0.032790,1.002078,21315.570000
bfs,irrelevant-inter,7,3,100,0,3,0.032870,1.004523,21316.250000
bfs,irrelevant-inter,7,3,100,0,4,0.032880,1.004829,21307.420000
bfs,irrelevant-inter,7,3,100,0,5,0.032790,1.002078,21315.120000
pr,culprit,4,1,0,,1,0.458570,0.994595,0.000000
pr,culprit,4,1,0,,2,0.457250,0.991732,0.000000
pr,culprit,4,1,0,,3,0.466040,1.010797,0.000000
pr,culprit,4,1,0,,4,0.464650,1.007782,0.000000
pr,culprit,4,1,0,,5,0.458800,0.995094,0.000000
pr,culprit,4,1,25,1000,1,0.522500,1.133253,4279.100000
pr,culprit,4,1,25,1000,2,0.520670,1.129284,4278.800000
pr,culprit,4,1,25,1000,3,0.522700,1.133687,4278.810000
pr,culprit,4,1,25,1000,4,0.472580,1.024981,4278.560000
pr,culprit,4,1,25,1000,5,0.516520,1.120283,4279.110000
pr,culprit,4,1,50,500,1,0.476840,1.034221,8358.390000
pr,culprit,4,1,50,500,2,0.556930,1.207929,8357.770000
pr,culprit,4,1,50,500,3,0.517950,1.123385,8357.000000
pr,culprit,4,1,50,500,4,0.560440,1.215542,8356.320000
pr,culprit,4,1,50,500,5,0.479410,1.039795,8358.710000
pr,culprit,4,1,75,220,1,0.736560,1.597529,19167.630000
pr,culprit,4,1,75,220,2,0.659480,1.430350,19145.100000
pr,culprit,4,1,75,220,3,0.681410,1.477914,19204.160000
pr,culprit,4,1,75,220,4,0.656150,1.423127,19163.620000
pr,culprit,4,1,75,220,5,0.800500,1.736209,19114.590000
pr,culprit,4,1,100,0,1,0.769620,1.669233,19881.660000
pr,culprit,4,1,100,0,2,0.756770,1.641363,19931.400000
pr,culprit,4,1,100,0,3,0.936420,2.031007,19908.390000
pr,culprit,4,1,100,0,4,0.583570,1.265708,19891.460000
pr,culprit,4,1,100,0,5,0.763540,1.656046,20003.790000
pr,related-inter,7,1,0,,1,0.455470,0.994858,0.000000
pr,related-inter,7,1,0,,2,0.459470,1.003595,0.000000
pr,related-inter,7,1,0,,3,0.452350,0.988043,0.000000
pr,related-inter,7,1,0,,4,0.463920,1.013315,0.000000
pr,related-inter,7,1,0,,5,0.457910,1.000188,0.000000
pr,related-inter,7,1,25,1000,1,0.502320,1.097190,4278.230000
pr,related-inter,7,1,25,1000,2,0.489710,1.069647,4278.780000
pr,related-inter,7,1,25,1000,3,0.499770,1.091620,4277.090000
pr,related-inter,7,1,25,1000,4,0.495360,1.081988,4278.670000
pr,related-inter,7,1,25,1000,5,0.495270,1.081791,4278.910000
pr,related-inter,7,1,50,500,1,0.503000,1.098675,8356.820000
pr,related-inter,7,1,50,500,2,0.519550,1.134825,8357.100000
pr,related-inter,7,1,50,500,3,0.521120,1.138254,8357.110000
pr,related-inter,7,1,50,500,4,0.517740,1.130871,8356.320000
pr,related-inter,7,1,50,500,5,0.522250,1.140722,8358.590000
pr,related-inter,7,1,75,220,1,0.594060,1.297573,19314.760000
pr,related-inter,7,1,75,220,2,0.587990,1.284314,19286.160000
pr,related-inter,7,1,75,220,3,0.588540,1.285516,19310.880000
pr,related-inter,7,1,75,220,4,0.593090,1.295454,19307.260000
pr,related-inter,7,1,75,220,5,0.591560,1.292112,19287.700000
pr,related-inter,7,1,100,0,1,0.520770,1.137490,20799.570000
pr,related-inter,7,1,100,0,2,0.525230,1.147231,20811.960000
pr,related-inter,7,1,100,0,3,0.518610,1.132772,20801.740000
pr,related-inter,7,1,100,0,4,0.523720,1.143933,20815.150000
pr,related-inter,7,1,100,0,5,0.528590,1.154570,20798.990000
pr,irrelevant-within,4,3,0,,1,0.442520,1.000041,0.000000
pr,irrelevant-within,4,3,0,,2,0.440390,0.995227,0.000000
pr,irrelevant-within,4,3,0,,3,0.445390,1.006527,0.000000
pr,irrelevant-within,4,3,0,,4,0.442050,0.998979,0.000000
pr,irrelevant-within,4,3,0,,5,0.442160,0.999227,0.000000
pr,irrelevant-within,4,3,25,1000,1,0.444060,1.003521,4278.750000
pr,irrelevant-within,4,3,25,1000,2,0.447750,1.011860,4279.270000
pr,irrelevant-within,4,3,25,1000,3,0.468940,1.059747,4279.210000
pr,irrelevant-within,4,3,25,1000,4,0.458920,1.037103,4278.720000
pr,irrelevant-within,4,3,25,1000,5,0.449720,1.016312,4279.550000
pr,irrelevant-within,4,3,50,500,1,0.444780,1.005148,8357.880000
pr,irrelevant-within,4,3,50,500,2,0.446550,1.009148,8357.270000
pr,irrelevant-within,4,3,50,500,3,0.448350,1.013216,8358.860000
pr,irrelevant-within,4,3,50,500,4,0.459560,1.038549,8357.320000
pr,irrelevant-within,4,3,50,500,5,0.459560,1.038549,8355.200000
pr,irrelevant-within,4,3,75,220,1,0.459760,1.039001,19337.160000
pr,irrelevant-within,4,3,75,220,2,0.511820,1.156650,19373.200000
pr,irrelevant-within,4,3,75,220,3,0.515850,1.165757,19346.520000
pr,irrelevant-within,4,3,75,220,4,0.467470,1.056425,19356.300000
pr,irrelevant-within,4,3,75,220,5,0.461720,1.043430,19295.560000
pr,irrelevant-within,4,3,100,0,1,0.524050,1.184288,20896.670000
pr,irrelevant-within,4,3,100,0,2,0.551930,1.247294,20869.390000
pr,irrelevant-within,4,3,100,0,3,0.769080,1.738026,20852.970000
pr,irrelevant-within,4,3,100,0,4,0.774820,1.750998,20882.340000
pr,irrelevant-within,4,3,100,0,5,0.551540,1.246412,20868.430000
pr,irrelevant-inter,7,3,0,,1,0.440150,0.999550,0.000000
pr,irrelevant-inter,7,3,0,,2,0.436750,0.991829,0.000000
pr,irrelevant-inter,7,3,0,,3,0.438950,0.996825,0.000000
pr,irrelevant-inter,7,3,0,,4,0.441840,1.003388,0.000000
pr,irrelevant-inter,7,3,0,,5,0.444050,1.008407,0.000000
pr,irrelevant-inter,7,3,25,1000,1,0.441280,1.002117,4278.410000
pr,irrelevant-inter,7,3,25,1000,2,0.439170,0.997325,4279.040000
pr,irrelevant-inter,7,3,25,1000,3,0.443730,1.007680,4278.570000
pr,irrelevant-inter,7,3,25,1000,4,0.444400,1.009202,4278.700000
pr,irrelevant-inter,7,3,25,1000,5,0.441410,1.002412,4279.390000
pr,irrelevant-inter,7,3,50,500,1,0.439690,0.998506,8357.480000
pr,irrelevant-inter,7,3,50,500,2,0.438600,0.996030,8356.150000
pr,irrelevant-inter,7,3,50,500,3,0.438510,0.995826,8355.550000
pr,irrelevant-inter,7,3,50,500,4,0.442080,1.003933,8357.300000
pr,irrelevant-inter,7,3,50,500,5,0.440620,1.000618,8358.290000
pr,irrelevant-inter,7,3,75,220,1,0.441180,1.001889,19363.470000
pr,irrelevant-inter,7,3,75,220,2,0.442240,1.004297,19371.170000
pr,irrelevant-inter,7,3,75,220,3,0.439080,0.997120,19357.310000
pr,irrelevant-inter,7,3,75,220,4,0.437960,0.994577,19350.490000
pr,irrelevant-inter,7,3,75,220,5,0.440130,0.999505,19274.630000
pr,irrelevant-inter,7,3,100,0,1,0.459170,1.042743,20014.800000
pr,irrelevant-inter,7,3,100,0,2,0.440280,0.999846,21314.510000
pr,irrelevant-inter,7,3,100,0,3,0.439710,0.998551,21306.510000
pr,irrelevant-inter,7,3,100,0,4,0.438610,0.996053,21255.480000
pr,irrelevant-inter,7,3,100,0,5,0.444170,1.008679,21291.550000
