scenario,policy,benchmark,placement_tag,repeat,thread_slot,thread_tid,thread_pid,total_runtime_ms,ccd0_pct,ccd1_pct,ccd2_pct,ccd3_pct,other_pct,core_pct_map
busy-cores,eevdf,bfs,,1,master,299846,299846,2721.573000,100.00,0.00,0.00,0.00,0.00,"3:56.70, 0:23.91, 4:16.89, 6:2.49"
busy-cores,eevdf,bfs,,1,worker-1,299851,299846,2602.070000,44.81,0.00,0.00,55.19,0.00,"21:43.47, 1:31.59, 3:13.22, 27:11.72"
busy-cores,eevdf,bfs,,1,worker-2,299852,299846,2628.421000,0.00,100.00,0.00,0.00,0.00,"13:60.43, 10:38.05, 11:1.52"
busy-cores,eevdf,bfs,,2,master,299902,299902,2748.435000,100.00,0.00,0.00,0.00,0.00,"3:85.09, 0:8.82, 4:6.09"
busy-cores,eevdf,bfs,,2,worker-1,300011,299902,4075.919000,0.00,0.00,0.00,100.00,0.00,"27:89.55, 21:10.45"
busy-cores,eevdf,bfs,,2,worker-2,300012,299902,2610.974000,0.00,100.00,0.00,0.00,0.00,"7:59.79, 8:31.34, 10:8.87"
busy-cores,eevdf,bfs,,3,master,300346,300346,2734.004000,100.00,0.00,0.00,0.00,0.00,"0:64.45, 3:35.55"
busy-cores,eevdf,bfs,,3,worker-1,300349,300346,2914.632000,34.97,0.00,0.00,65.03,0.00,"21:54.64, 2:27.78, 27:10.39, 0:7.19"
busy-cores,eevdf,bfs,,3,worker-2,300350,300346,2661.354000,0.00,100.00,0.00,0.00,0.00,11:100.00
busy-cores,eevdf,bfs,,4,master,300544,300544,2715.020000,100.00,0.00,0.00,0.00,0.00,"3:98.42, 0:1.58"
busy-cores,eevdf,bfs,,4,worker-1,300546,300544,4055.654000,0.00,0.00,0.00,100.00,0.00,"21:49.09, 27:47.58, 22:1.67, 26:1.66"
busy-cores,eevdf,bfs,,4,worker-2,300547,300544,2665.821000,0.00,100.00,0.00,0.00,0.00,"13:94.00, 8:3.32, 12:2.69"
busy-cores,eevdf,bfs,,5,master,300845,300845,2779.161000,100.00,0.00,0.00,0.00,0.00,"2:59.06, 6:22.04, 0:18.90"
busy-cores,eevdf,bfs,,5,worker-1,300850,300845,4136.260000,0.00,0.00,0.00,100.00,0.00,"27:91.45, 21:8.55"
busy-cores,eevdf,bfs,,5,worker-2,300851,300845,2661.502000,0.00,100.00,0.00,0.00,0.00,12:100.00
busy-cores,optimal,bfs,,1,master,302728,302728,2516.365000,100.00,0.00,0.00,0.00,0.00,0:100.00
busy-cores,optimal,bfs,,1,worker-1,302730,302728,2414.749000,100.00,0.00,0.00,0.00,0.00,1:100.00
busy-cores,optimal,bfs,,1,worker-2,302731,302728,2412.662000,100.00,0.00,0.00,0.00,0.00,2:100.00
busy-cores,optimal,bfs,,2,master,302789,302789,2562.954000,100.00,0.00,0.00,0.00,0.00,0:100.00
busy-cores,optimal,bfs,,2,worker-1,302791,302789,2455.596000,100.00,0.00,0.00,0.00,0.00,1:100.00
busy-cores,optimal,bfs,,2,worker-2,302792,302789,2459.063000,100.00,0.00,0.00,0.00,0.00,2:100.00
busy-cores,optimal,bfs,,3,master,302872,302872,2550.201000,100.00,0.00,0.00,0.00,0.00,0:100.00
busy-cores,optimal,bfs,,3,worker-1,302874,302872,2436.981000,100.00,0.00,0.00,0.00,0.00,1:100.00
busy-cores,optimal,bfs,,3,worker-2,302875,302872,2435.439000,100.00,0.00,0.00,0.00,0.00,2:100.00
busy-cores,optimal,bfs,,4,master,302925,302925,2552.582000,100.00,0.00,0.00,0.00,0.00,0:100.00
busy-cores,optimal,bfs,,4,worker-1,302927,302925,2452.775000,100.00,0.00,0.00,0.00,0.00,1:100.00
busy-cores,optimal,bfs,,4,worker-2,302928,302925,2448.202000,100.00,0.00,0.00,0.00,0.00,2:100.00
busy-cores,optimal,bfs,,5,master,302977,302977,2559.588000,100.00,0.00,0.00,0.00,0.00,0:100.00
busy-cores,optimal,bfs,,5,worker-1,302979,302977,2456.987000,100.00,0.00,0.00,0.00,0.00,1:100.00
busy-cores,optimal,bfs,,5,worker-2,302980,302977,2452.356000,100.00,0.00,0.00,0.00,0.00,2:100.00
busy-cores,same-chiplet,bfs,taskset-21-27,1,master,44014,44014,3552.547000,0.00,0.00,0.00,100.00,0.00,21:100.00
busy-cores,same-chiplet,bfs,taskset-21-27,1,worker-1,44020,44014,3416.491000,0.00,0.00,0.00,100.00,0.00,22:100.00
busy-cores,same-chiplet,bfs,taskset-21-27,1,worker-2,44021,44014,3432.387000,0.00,0.00,0.00,100.00,0.00,23:100.00
busy-cores,same-chiplet,bfs,taskset-21-27,2,master,44076,44076,3489.827000,0.00,0.00,0.00,100.00,0.00,21:100.00
busy-cores,same-chiplet,bfs,taskset-21-27,2,worker-1,44078,44076,3319.399000,0.00,0.00,0.00,100.00,0.00,22:100.00
busy-cores,same-chiplet,bfs,taskset-21-27,2,worker-2,44079,44076,3420.357000,0.00,0.00,0.00,100.00,0.00,23:100.00
busy-cores,same-chiplet,bfs,taskset-21-27,3,master,44348,44348,3595.783000,0.00,0.00,0.00,100.00,0.00,21:100.00
busy-cores,same-chiplet,bfs,taskset-21-27,3,worker-1,44358,44348,3495.662000,0.00,0.00,0.00,100.00,0.00,22:100.00
busy-cores,same-chiplet,bfs,taskset-21-27,3,worker-2,44359,44348,3462.855000,0.00,0.00,0.00,100.00,0.00,23:100.00
busy-cores,same-chiplet,bfs,taskset-21-27,4,master,44407,44407,3647.766000,0.00,0.00,0.00,100.00,0.00,21:100.00
busy-cores,same-chiplet,bfs,taskset-21-27,4,worker-1,44409,44407,3727.204000,0.00,0.00,0.00,100.00,0.00,22:100.00
busy-cores,same-chiplet,bfs,taskset-21-27,4,worker-2,44410,44407,3465.033000,0.00,0.00,0.00,100.00,0.00,23:100.00
busy-cores,same-chiplet,bfs,taskset-21-27,5,master,44699,44699,3408.300000,0.00,0.00,0.00,100.00,0.00,21:100.00
busy-cores,same-chiplet,bfs,taskset-21-27,5,worker-1,44704,44699,3224.676000,0.00,0.00,0.00,100.00,0.00,22:100.00
busy-cores,same-chiplet,bfs,taskset-21-27,5,worker-2,44705,44699,3218.820000,0.00,0.00,0.00,100.00,0.00,23:100.00
busy-cores,eevdf,cc,,1,master,302411,302411,2809.644000,100.00,0.00,0.00,0.00,0.00,"3:96.98, 0:3.02"
busy-cores,eevdf,cc,,1,worker-1,302416,302411,4173.431000,0.00,0.00,0.00,100.00,0.00,"23:79.06, 21:14.86, 27:6.08"
busy-cores,eevdf,cc,,1,worker-2,302417,302411,2719.952000,0.00,100.00,0.00,0.00,0.00,12:100.00
busy-cores,eevdf,cc,,2,master,302470,302470,4028.081000,38.49,0.00,34.39,27.12,0.00,"2:33.91, 14:31.27, 21:27.02, 0:3.88, 17:3.13, 3:0.69, 22:0.10"
busy-cores,eevdf,cc,,2,worker-1,302472,302470,4047.320000,0.00,0.00,0.00,100.00,0.00,"26:52.25, 22:46.38, 27:1.37"
busy-cores,eevdf,cc,,2,worker-2,302473,302470,2744.510000,0.00,100.00,0.00,0.00,0.00,"13:83.35, 7:16.65"
busy-cores,eevdf,cc,,3,master,302540,302540,2776.120000,100.00,0.00,0.00,0.00,0.00,"2:93.07, 3:4.03, 0:2.90"
busy-cores,eevdf,cc,,3,worker-1,302542,302540,4203.233000,0.00,0.00,0.00,100.00,0.00,"24:52.09, 27:47.91"
busy-cores,eevdf,cc,,3,worker-2,302543,302540,2714.164000,0.00,100.00,0.00,0.00,0.00,"13:69.09, 9:30.91"
busy-cores,eevdf,cc,,4,master,302611,302611,2848.322000,100.00,0.00,0.00,0.00,0.00,0:100.00
busy-cores,eevdf,cc,,4,worker-1,302613,302611,4258.207000,0.00,0.00,0.00,100.00,0.00,27:100.00
busy-cores,eevdf,cc,,4,worker-2,302614,302611,4246.681000,0.00,0.00,100.00,0.00,0.00,20:100.00
busy-cores,eevdf,cc,,5,master,302667,302667,2790.540000,100.00,0.00,0.00,0.00,0.00,"4:87.32, 0:12.68"
busy-cores,eevdf,cc,,5,worker-1,302669,302667,4214.043000,0.00,0.00,0.00,100.00,0.00,"23:93.67, 27:6.33"
busy-cores,eevdf,cc,,5,worker-2,302670,302667,2686.695000,0.00,100.00,0.00,0.00,0.00,"12:46.35, 7:40.22, 9:13.43"
busy-cores,optimal,cc,,1,master,303766,303766,2576.265000,100.00,0.00,0.00,0.00,0.00,0:100.00
busy-cores,optimal,cc,,1,worker-1,303768,303766,2461.379000,100.00,0.00,0.00,0.00,0.00,1:100.00
busy-cores,optimal,cc,,1,worker-2,303769,303766,2456.913000,100.00,0.00,0.00,0.00,0.00,2:100.00
busy-cores,optimal,cc,,2,master,303822,303822,2574.414000,100.00,0.00,0.00,0.00,0.00,0:100.00
busy-cores,optimal,cc,,2,worker-1,303824,303822,2473.841000,100.00,0.00,0.00,0.00,0.00,1:100.00
busy-cores,optimal,cc,,2,worker-2,303825,303822,2469.882000,100.00,0.00,0.00,0.00,0.00,2:100.00
busy-cores,optimal,cc,,3,master,304155,304155,2571.314000,100.00,0.00,0.00,0.00,0.00,0:100.00
busy-cores,optimal,cc,,3,worker-1,304157,304155,2466.033000,100.00,0.00,0.00,0.00,0.00,1:100.00
busy-cores,optimal,cc,,3,worker-2,304158,304155,2461.792000,100.00,0.00,0.00,0.00,0.00,2:100.00
busy-cores,optimal,cc,,4,master,304220,304220,2572.871000,100.00,0.00,0.00,0.00,0.00,0:100.00
busy-cores,optimal,cc,,4,worker-1,304222,304220,2472.327000,100.00,0.00,0.00,0.00,0.00,1:100.00
busy-cores,optimal,cc,,4,worker-2,304223,304220,2462.314000,100.00,0.00,0.00,0.00,0.00,2:100.00
busy-cores,optimal,cc,,5,master,304275,304275,2586.491000,100.00,0.00,0.00,0.00,0.00,0:100.00
busy-cores,optimal,cc,,5,worker-1,304290,304275,2468.689000,100.00,0.00,0.00,0.00,0.00,1:100.00
busy-cores,optimal,cc,,5,worker-2,304291,304275,2464.015000,100.00,0.00,0.00,0.00,0.00,2:100.00
busy-cores,same-chiplet,cc,taskset-21-27,1,master,45542,45542,3874.165000,0.00,0.00,0.00,100.00,0.00,21:100.00
busy-cores,same-chiplet,cc,taskset-21-27,1,worker-1,45544,45542,3587.308000,0.00,0.00,0.00,100.00,0.00,22:100.00
busy-cores,same-chiplet,cc,taskset-21-27,1,worker-2,45545,45542,3525.953000,0.00,0.00,0.00,100.00,0.00,23:100.00
busy-cores,same-chiplet,cc,taskset-21-27,2,master,45712,45712,3841.208000,0.00,0.00,0.00,100.00,0.00,21:100.00
busy-cores,same-chiplet,cc,taskset-21-27,2,worker-1,45718,45712,3518.777000,0.00,0.00,0.00,100.00,0.00,22:100.00
busy-cores,same-chiplet,cc,taskset-21-27,2,worker-2,45719,45712,3607.633000,0.00,0.00,0.00,100.00,0.00,23:100.00
busy-cores,same-chiplet,cc,taskset-21-27,3,master,46036,46036,3652.500000,0.00,0.00,0.00,100.00,0.00,21:100.00
busy-cores,same-chiplet,cc,taskset-21-27,3,worker-1,46038,46036,3460.480000,0.00,0.00,0.00,100.00,0.00,22:100.00
busy-cores,same-chiplet,cc,taskset-21-27,3,worker-2,46039,46036,3414.960000,0.00,0.00,0.00,100.00,0.00,23:100.00
busy-cores,same-chiplet,cc,taskset-21-27,4,master,46333,46333,3500.050000,0.00,0.00,0.00,100.00,0.00,21:100.00
busy-cores,same-chiplet,cc,taskset-21-27,4,worker-1,46335,46333,3406.256000,0.00,0.00,0.00,100.00,0.00,22:100.00
busy-cores,same-chiplet,cc,taskset-21-27,4,worker-2,46336,46333,3314.531000,0.00,0.00,0.00,100.00,0.00,23:100.00
busy-cores,same-chiplet,cc,taskset-21-27,5,master,46775,46775,3651.084000,0.00,0.00,0.00,100.00,0.00,21:100.00
busy-cores,same-chiplet,cc,taskset-21-27,5,worker-1,46785,46775,3581.127000,0.00,0.00,0.00,100.00,0.00,22:100.00
busy-cores,same-chiplet,cc,taskset-21-27,5,worker-2,46786,46775,3562.611000,0.00,0.00,0.00,100.00,0.00,23:100.00
busy-cores,eevdf,pr,,1,master,301547,301547,3057.772000,100.00,0.00,0.00,0.00,0.00,"0:61.66, 3:38.34"
busy-cores,eevdf,pr,,1,worker-1,301549,301547,4336.327000,0.00,0.00,0.00,100.00,0.00,"21:55.30, 27:39.98, 23:4.72"
busy-cores,eevdf,pr,,1,worker-2,301550,301547,2971.416000,0.00,67.48,32.52,0.00,0.00,"7:67.48, 20:32.52"
busy-cores,eevdf,pr,,2,master,301640,301640,3034.877000,100.00,0.00,0.00,0.00,0.00,"0:55.97, 1:34.01, 3:10.02"
busy-cores,eevdf,pr,,2,worker-1,301642,301640,3779.874000,28.05,0.00,71.95,0.00,0.00,"17:68.12, 0:23.88, 5:4.17, 14:3.25, 20:0.59"
busy-cores,eevdf,pr,,2,worker-2,301643,301640,4350.251000,0.00,0.00,0.00,100.00,0.00,"22:76.71, 21:17.72, 27:5.57"
busy-cores,eevdf,pr,,3,master,301812,301812,3172.110000,100.00,0.00,0.00,0.00,0.00,"0:52.15, 4:47.85"
busy-cores,eevdf,pr,,3,worker-1,301820,301812,4487.485000,0.00,0.00,100.00,0.00,0.00,"19:98.81, 20:1.19"
busy-cores,eevdf,pr,,3,worker-2,301821,301812,4455.968000,0.00,0.00,0.00,100.00,0.00,"21:72.07, 22:21.05, 27:6.32, 23:0.57"
busy-cores,eevdf,pr,,4,master,302023,302023,3018.079000,100.00,0.00,0.00,0.00,0.00,"2:93.69, 3:4.50, 0:1.81"
busy-cores,eevdf,pr,,4,worker-1,302025,302023,4386.533000,0.00,0.00,0.00,100.00,0.00,"23:90.81, 27:8.01, 26:1.18"
busy-cores,eevdf,pr,,4,worker-2,302026,302023,3082.362000,0.00,46.97,53.03,0.00,0.00,"20:53.03, 7:46.97"
busy-cores,eevdf,pr,,5,master,302349,302349,3107.854000,100.00,0.00,0.00,0.00,0.00,"0:54.28, 4:37.54, 2:7.41, 1:0.77"
busy-cores,eevdf,pr,,5,worker-1,302354,302349,4329.507000,0.00,0.00,0.00,100.00,0.00,"21:68.80, 22:25.49, 27:5.71"
busy-cores,eevdf,pr,,5,worker-2,302355,302349,2995.716000,0.00,100.00,0.00,0.00,0.00,8:100.00
busy-cores,optimal,pr,,1,master,303345,303345,2719.607000,100.00,0.00,0.00,0.00,0.00,0:100.00
busy-cores,optimal,pr,,1,worker-1,303347,303345,2617.609000,100.00,0.00,0.00,0.00,0.00,1:100.00
busy-cores,optimal,pr,,1,worker-2,303348,303345,2612.425000,100.00,0.00,0.00,0.00,0.00,2:100.00
busy-cores,optimal,pr,,2,master,303540,303540,2676.211000,100.00,0.00,0.00,0.00,0.00,0:100.00
busy-cores,optimal,pr,,2,worker-1,303545,303540,2572.287000,100.00,0.00,0.00,0.00,0.00,1:100.00
busy-cores,optimal,pr,,2,worker-2,303546,303540,2565.355000,100.00,0.00,0.00,0.00,0.00,2:100.00
busy-cores,optimal,pr,,3,master,303593,303593,2692.822000,100.00,0.00,0.00,0.00,0.00,0:100.00
busy-cores,optimal,pr,,3,worker-1,303598,303593,2587.998000,100.00,0.00,0.00,0.00,0.00,1:100.00
busy-cores,optimal,pr,,3,worker-2,303599,303593,2583.516000,100.00,0.00,0.00,0.00,0.00,2:100.00
busy-cores,optimal,pr,,4,master,303646,303646,2706.964000,100.00,0.00,0.00,0.00,0.00,0:100.00
busy-cores,optimal,pr,,4,worker-1,303651,303646,2603.742000,100.00,0.00,0.00,0.00,0.00,1:100.00
busy-cores,optimal,pr,,4,worker-2,303652,303646,2593.575000,100.00,0.00,0.00,0.00,0.00,2:100.00
busy-cores,optimal,pr,,5,master,303705,303705,2730.624000,100.00,0.00,0.00,0.00,0.00,0:100.00
busy-cores,optimal,pr,,5,worker-1,303710,303705,2619.388000,100.00,0.00,0.00,0.00,0.00,1:100.00
busy-cores,optimal,pr,,5,worker-2,303711,303705,2614.028000,100.00,0.00,0.00,0.00,0.00,2:100.00
busy-cores,same-chiplet,pr,taskset-0-6,1,master,48791,48791,2694.358000,100.00,0.00,0.00,0.00,0.00,0:100.00
busy-cores,same-chiplet,pr,taskset-0-6,1,worker-1,48793,48791,2592.652000,100.00,0.00,0.00,0.00,0.00,1:100.00
busy-cores,same-chiplet,pr,taskset-0-6,1,worker-2,48794,48791,2588.137000,100.00,0.00,0.00,0.00,0.00,2:100.00
busy-cores,same-chiplet,pr,taskset-0-6,2,master,48835,48835,2703.587000,100.00,0.00,0.00,0.00,0.00,0:100.00
busy-cores,same-chiplet,pr,taskset-0-6,2,worker-1,48837,48835,2599.657000,100.00,0.00,0.00,0.00,0.00,1:100.00
busy-cores,same-chiplet,pr,taskset-0-6,2,worker-2,48838,48835,2596.026000,100.00,0.00,0.00,0.00,0.00,2:100.00
busy-cores,same-chiplet,pr,taskset-0-6,3,master,48879,48879,2744.019000,100.00,0.00,0.00,0.00,0.00,0:100.00
busy-cores,same-chiplet,pr,taskset-0-6,3,worker-1,48881,48879,2637.591000,100.00,0.00,0.00,0.00,0.00,1:100.00
busy-cores,same-chiplet,pr,taskset-0-6,3,worker-2,48882,48879,2635.201000,100.00,0.00,0.00,0.00,0.00,2:100.00
busy-cores,same-chiplet,pr,taskset-0-6,4,master,48923,48923,2701.380000,100.00,0.00,0.00,0.00,0.00,0:100.00
busy-cores,same-chiplet,pr,taskset-0-6,4,worker-1,48925,48923,2596.916000,100.00,0.00,0.00,0.00,0.00,1:100.00
busy-cores,same-chiplet,pr,taskset-0-6,4,worker-2,48926,48923,2593.073000,100.00,0.00,0.00,0.00,0.00,2:100.00
busy-cores,same-chiplet,pr,taskset-0-6,5,master,49283,49283,2712.809000,100.00,0.00,0.00,0.00,0.00,0:100.00
busy-cores,same-chiplet,pr,taskset-0-6,5,worker-1,49285,49283,2606.394000,100.00,0.00,0.00,0.00,0.00,1:100.00
busy-cores,same-chiplet,pr,taskset-0-6,5,worker-2,49286,49283,2605.620000,100.00,0.00,0.00,0.00,0.00,2:100.00
busy-cores,same-chiplet,pr,taskset-14-20,1,master,50448,50448,3394.523000,0.00,0.00,100.00,0.00,0.00,14:100.00
busy-cores,same-chiplet,pr,taskset-14-20,1,worker-1,50450,50448,3107.683000,0.00,0.00,100.00,0.00,0.00,15:100.00
busy-cores,same-chiplet,pr,taskset-14-20,1,worker-2,50451,50448,3116.959000,0.00,0.00,100.00,0.00,0.00,16:100.00
busy-cores,same-chiplet,pr,taskset-14-20,2,master,50492,50492,3354.157000,0.00,0.00,100.00,0.00,0.00,14:100.00
busy-cores,same-chiplet,pr,taskset-14-20,2,worker-1,50494,50492,3696.383000,0.00,0.00,100.00,0.00,0.00,15:100.00
busy-cores,same-chiplet,pr,taskset-14-20,2,worker-2,50495,50492,3167.686000,0.00,0.00,100.00,0.00,0.00,16:100.00
busy-cores,same-chiplet,pr,taskset-14-20,3,master,50539,50539,3607.705000,0.00,0.00,100.00,0.00,0.00,14:100.00
busy-cores,same-chiplet,pr,taskset-14-20,3,worker-1,50541,50539,3247.549000,0.00,0.00,100.00,0.00,0.00,15:100.00
busy-cores,same-chiplet,pr,taskset-14-20,3,worker-2,50542,50539,3224.862000,0.00,0.00,100.00,0.00,0.00,16:100.00
busy-cores,same-chiplet,pr,taskset-14-20,4,master,50593,50593,3177.568000,0.00,0.00,100.00,0.00,0.00,14:100.00
busy-cores,same-chiplet,pr,taskset-14-20,4,worker-1,50697,50593,3181.835000,0.00,0.00,100.00,0.00,0.00,15:100.00
busy-cores,same-chiplet,pr,taskset-14-20,4,worker-2,50698,50593,3411.512000,0.00,0.00,100.00,0.00,0.00,16:100.00
busy-cores,same-chiplet,pr,taskset-14-20,5,master,50889,50889,3648.363000,0.00,0.00,100.00,0.00,0.00,14:100.00
busy-cores,same-chiplet,pr,taskset-14-20,5,worker-1,50891,50889,4287.418000,0.00,0.00,100.00,0.00,0.00,15:100.00
busy-cores,same-chiplet,pr,taskset-14-20,5,worker-2,50892,50889,3449.626000,0.00,0.00,100.00,0.00,0.00,16:100.00
busy-cores,same-chiplet,pr,taskset-21-27,1,master,51347,51347,4167.698000,0.00,0.00,0.00,100.00,0.00,21:100.00
busy-cores,same-chiplet,pr,taskset-21-27,1,worker-1,51349,51347,3974.162000,0.00,0.00,0.00,100.00,0.00,22:100.00
busy-cores,same-chiplet,pr,taskset-21-27,1,worker-2,51350,51347,4028.911000,0.00,0.00,0.00,100.00,0.00,23:100.00
busy-cores,same-chiplet,pr,taskset-21-27,2,master,51643,51643,3980.109000,0.00,0.00,0.00,100.00,0.00,21:100.00
busy-cores,same-chiplet,pr,taskset-21-27,2,worker-1,51645,51643,3822.911000,0.00,0.00,0.00,100.00,0.00,22:100.00
busy-cores,same-chiplet,pr,taskset-21-27,2,worker-2,51646,51643,3943.904000,0.00,0.00,0.00,100.00,0.00,23:100.00
busy-cores,same-chiplet,pr,taskset-21-27,3,master,51963,51963,4085.741000,0.00,0.00,0.00,100.00,0.00,21:100.00
busy-cores,same-chiplet,pr,taskset-21-27,3,worker-1,51965,51963,3993.101000,0.00,0.00,0.00,100.00,0.00,22:100.00
busy-cores,same-chiplet,pr,taskset-21-27,3,worker-2,51966,51963,4008.981000,0.00,0.00,0.00,100.00,0.00,23:100.00
busy-cores,same-chiplet,pr,taskset-21-27,4,master,52144,52144,4317.417000,0.00,0.00,0.00,100.00,0.00,21:100.00
busy-cores,same-chiplet,pr,taskset-21-27,4,worker-1,52146,52144,4020.784000,0.00,0.00,0.00,100.00,0.00,22:100.00
busy-cores,same-chiplet,pr,taskset-21-27,4,worker-2,52147,52144,4045.449000,0.00,0.00,0.00,100.00,0.00,23:100.00
busy-cores,same-chiplet,pr,taskset-21-27,5,master,52400,52400,3875.787000,0.00,0.00,0.00,100.00,0.00,21:100.00
busy-cores,same-chiplet,pr,taskset-21-27,5,worker-1,52402,52400,3699.763000,0.00,0.00,0.00,100.00,0.00,22:100.00
busy-cores,same-chiplet,pr,taskset-21-27,5,worker-2,52403,52400,3692.249000,0.00,0.00,0.00,100.00,0.00,23:100.00
busy-cores,same-chiplet,pr,taskset-7-13,1,master,49328,49328,2719.402000,0.00,100.00,0.00,0.00,0.00,7:100.00
busy-cores,same-chiplet,pr,taskset-7-13,1,worker-1,49330,49328,2619.526000,0.00,100.00,0.00,0.00,0.00,8:100.00
busy-cores,same-chiplet,pr,taskset-7-13,1,worker-2,49331,49328,2612.073000,0.00,100.00,0.00,0.00,0.00,9:100.00
busy-cores,same-chiplet,pr,taskset-7-13,2,master,49372,49372,2729.845000,0.00,100.00,0.00,0.00,0.00,7:100.00
busy-cores,same-chiplet,pr,taskset-7-13,2,worker-1,49374,49372,2625.730000,0.00,100.00,0.00,0.00,0.00,8:100.00
busy-cores,same-chiplet,pr,taskset-7-13,2,worker-2,49375,49372,2621.572000,0.00,100.00,0.00,0.00,0.00,9:100.00
busy-cores,same-chiplet,pr,taskset-7-13,3,master,49693,49693,2698.548000,0.00,100.00,0.00,0.00,0.00,7:100.00
busy-cores,same-chiplet,pr,taskset-7-13,3,worker-1,49699,49693,2600.243000,0.00,100.00,0.00,0.00,0.00,8:100.00
busy-cores,same-chiplet,pr,taskset-7-13,3,worker-2,49700,49693,2600.892000,0.00,100.00,0.00,0.00,0.00,9:100.00
busy-cores,same-chiplet,pr,taskset-7-13,4,master,50351,50351,2758.951000,0.00,100.00,0.00,0.00,0.00,"7:99.90, 8:0.10"
busy-cores,same-chiplet,pr,taskset-7-13,4,worker-1,50353,50351,2660.752000,0.00,100.00,0.00,0.00,0.00,8:100.00
busy-cores,same-chiplet,pr,taskset-7-13,4,worker-2,50354,50351,2655.958000,0.00,100.00,0.00,0.00,0.00,9:100.00
busy-cores,same-chiplet,pr,taskset-7-13,5,master,50399,50399,2715.480000,0.00,100.00,0.00,0.00,0.00,7:100.00
busy-cores,same-chiplet,pr,taskset-7-13,5,worker-1,50401,50399,2619.391000,0.00,100.00,0.00,0.00,0.00,8:100.00
busy-cores,same-chiplet,pr,taskset-7-13,5,worker-2,50402,50399,2613.723000,0.00,100.00,0.00,0.00,0.00,9:100.00
free-cores,eevdf,bfs,,1,master,296542,296542,2558.492000,100.00,0.00,0.00,0.00,0.00,4:100.00
free-cores,eevdf,bfs,,1,worker-1,296544,296542,2552.443000,0.00,100.00,0.00,0.00,0.00,13:100.00
free-cores,eevdf,bfs,,1,worker-2,296545,296542,2546.534000,0.00,0.00,100.00,0.00,0.00,20:100.00
free-cores,eevdf,bfs,,2,master,296582,296582,2437.423000,100.00,0.00,0.00,0.00,0.00,4:100.00
free-cores,eevdf,bfs,,2,worker-1,296584,296582,2546.667000,0.00,100.00,0.00,0.00,0.00,13:100.00
free-cores,eevdf,bfs,,2,worker-2,296585,296582,2545.742000,0.00,0.00,100.00,0.00,0.00,20:100.00
free-cores,eevdf,bfs,,3,master,296623,296623,2410.063000,100.00,0.00,0.00,0.00,0.00,4:100.00
free-cores,eevdf,bfs,,3,worker-1,296625,296623,2539.563000,0.00,0.00,100.00,0.00,0.00,20:100.00
free-cores,eevdf,bfs,,3,worker-2,296626,296623,2532.031000,0.00,100.00,0.00,0.00,0.00,12:100.00
free-cores,eevdf,bfs,,4,master,296665,296665,1990.004000,100.00,0.00,0.00,0.00,0.00,4:100.00
free-cores,eevdf,bfs,,4,worker-1,296667,296665,2567.889000,0.00,100.00,0.00,0.00,0.00,13:100.00
free-cores,eevdf,bfs,,4,worker-2,296668,296665,2566.941000,0.00,0.00,100.00,0.00,0.00,20:100.00
free-cores,eevdf,bfs,,5,master,296700,296700,2623.206000,100.00,0.00,0.00,0.00,0.00,4:100.00
free-cores,eevdf,bfs,,5,worker-1,296705,296700,2597.729000,0.00,0.00,100.00,0.00,0.00,20:100.00
free-cores,eevdf,bfs,,5,worker-2,296706,296700,3140.566000,0.00,0.00,0.00,100.00,0.00,27:100.00
free-cores,optimal,bfs,,1,master,297644,297644,1612.085000,99.78,0.00,0.00,0.00,0.22,"4:99.78, 118:0.22"
free-cores,optimal,bfs,,1,worker-1,297646,297644,2372.387000,100.00,0.00,0.00,0.00,0.00,5:100.00
free-cores,optimal,bfs,,1,worker-2,297647,297644,2370.490000,100.00,0.00,0.00,0.00,0.00,6:100.00
free-cores,optimal,bfs,,2,master,297693,297693,2208.068000,99.87,0.00,0.00,0.00,0.13,"4:99.87, 132:0.13"
free-cores,optimal,bfs,,2,worker-1,297697,297693,2377.031000,100.00,0.00,0.00,0.00,0.00,5:100.00
free-cores,optimal,bfs,,2,worker-2,297698,297693,2370.830000,100.00,0.00,0.00,0.00,0.00,6:100.00
free-cores,optimal,bfs,,3,master,297731,297731,1884.705000,99.85,0.00,0.00,0.00,0.15,"4:99.85, 132:0.15"
free-cores,optimal,bfs,,3,worker-1,297740,297731,2393.795000,100.00,0.00,0.00,0.00,0.00,5:100.00
free-cores,optimal,bfs,,3,worker-2,297741,297731,2380.587000,100.00,0.00,0.00,0.00,0.00,6:100.00
free-cores,optimal,bfs,,4,master,297776,297776,1849.652000,99.82,0.00,0.00,0.00,0.18,"4:99.82, 132:0.18"
free-cores,optimal,bfs,,4,worker-1,297780,297776,2369.724000,100.00,0.00,0.00,0.00,0.00,5:100.00
free-cores,optimal,bfs,,4,worker-2,297781,297776,2363.363000,100.00,0.00,0.00,0.00,0.00,6:100.00
free-cores,optimal,bfs,,5,master,297844,297844,2412.035000,99.86,0.00,0.00,0.00,0.14,"4:99.86, 118:0.14"
free-cores,optimal,bfs,,5,worker-1,297846,297844,2364.433000,100.00,0.00,0.00,0.00,0.00,5:100.00
free-cores,optimal,bfs,,5,worker-2,297847,297844,2359.698000,100.00,0.00,0.00,0.00,0.00,6:100.00
free-cores,same-chiplet,bfs,cores-11-12-13,1,master,38706,38706,2260.489000,0.00,99.87,0.00,0.00,0.13,"11:99.87, 118:0.13"
free-cores,same-chiplet,bfs,cores-11-12-13,1,worker-1,38708,38706,2410.156000,0.00,100.00,0.00,0.00,0.00,12:100.00
free-cores,same-chiplet,bfs,cores-11-12-13,1,worker-2,38709,38706,2405.149000,0.00,100.00,0.00,0.00,0.00,13:100.00
free-cores,same-chiplet,bfs,cores-11-12-13,2,master,38860,38860,2312.427000,0.00,99.87,0.00,0.00,0.13,"11:99.87, 118:0.13"
free-cores,same-chiplet,bfs,cores-11-12-13,2,worker-1,38862,38860,2389.662000,0.00,100.00,0.00,0.00,0.00,12:100.00
free-cores,same-chiplet,bfs,cores-11-12-13,2,worker-2,38863,38860,2385.253000,0.00,100.00,0.00,0.00,0.00,13:100.00
free-cores,same-chiplet,bfs,cores-11-12-13,3,master,38909,38909,2428.210000,0.00,99.88,0.00,0.00,0.12,"11:99.88, 118:0.12"
free-cores,same-chiplet,bfs,cores-11-12-13,3,worker-1,38911,38909,2393.769000,0.00,100.00,0.00,0.00,0.00,12:100.00
free-cores,same-chiplet,bfs,cores-11-12-13,3,worker-2,38912,38909,2387.197000,0.00,100.00,0.00,0.00,0.00,13:100.00
free-cores,same-chiplet,bfs,cores-11-12-13,4,master,39148,39148,1528.235000,0.00,99.80,0.00,0.00,0.20,"11:99.80, 118:0.20"
free-cores,same-chiplet,bfs,cores-11-12-13,4,worker-1,39153,39148,2422.399000,0.00,100.00,0.00,0.00,0.00,12:100.00
free-cores,same-chiplet,bfs,cores-11-12-13,4,worker-2,39154,39148,2416.801000,0.00,100.00,0.00,0.00,0.00,13:100.00
free-cores,same-chiplet,bfs,cores-11-12-13,5,master,39317,39317,1639.969000,0.00,99.82,0.00,0.00,0.18,"11:99.82, 118:0.18"
free-cores,same-chiplet,bfs,cores-11-12-13,5,worker-1,39319,39317,2401.940000,0.00,100.00,0.00,0.00,0.00,12:100.00
free-cores,same-chiplet,bfs,cores-11-12-13,5,worker-2,39320,39317,2396.285000,0.00,100.00,0.00,0.00,0.00,13:100.00
free-cores,same-chiplet,bfs,cores-18-19-20,1,master,39558,39558,1545.514000,0.00,0.00,99.80,0.00,0.20,"18:99.80, 118:0.20"
free-cores,same-chiplet,bfs,cores-18-19-20,1,worker-1,39560,39558,2437.099000,0.00,0.00,100.00,0.00,0.00,19:100.00
free-cores,same-chiplet,bfs,cores-18-19-20,1,worker-2,39561,39558,2432.469000,0.00,0.00,100.00,0.00,0.00,20:100.00
free-cores,same-chiplet,bfs,cores-18-19-20,2,master,39711,39711,2386.525000,0.00,0.00,99.88,0.00,0.12,"18:99.88, 118:0.12"
free-cores,same-chiplet,bfs,cores-18-19-20,2,worker-1,39713,39711,2442.285000,0.00,0.00,100.00,0.00,0.00,19:100.00
free-cores,same-chiplet,bfs,cores-18-19-20,2,worker-2,39714,39711,2438.414000,0.00,0.00,100.00,0.00,0.00,20:100.00
free-cores,same-chiplet,bfs,cores-18-19-20,3,master,39860,39860,1764.339000,0.00,0.00,99.84,0.00,0.16,"18:99.84, 118:0.16"
free-cores,same-chiplet,bfs,cores-18-19-20,3,worker-1,39862,39860,2435.174000,0.00,0.00,100.00,0.00,0.00,19:100.00
free-cores,same-chiplet,bfs,cores-18-19-20,3,worker-2,39863,39860,2430.718000,0.00,0.00,100.00,0.00,0.00,20:100.00
free-cores,same-chiplet,bfs,cores-18-19-20,4,master,39906,39906,1760.618000,0.00,0.00,99.83,0.00,0.17,"18:99.83, 118:0.17"
free-cores,same-chiplet,bfs,cores-18-19-20,4,worker-1,39908,39906,2423.792000,0.00,0.00,100.00,0.00,0.00,19:100.00
free-cores,same-chiplet,bfs,cores-18-19-20,4,worker-2,39909,39906,2418.332000,0.00,0.00,100.00,0.00,0.00,20:100.00
free-cores,same-chiplet,bfs,cores-18-19-20,5,master,39944,39944,1699.722000,0.00,0.00,99.84,0.00,0.16,"18:99.84, 34:0.16"
free-cores,same-chiplet,bfs,cores-18-19-20,5,worker-1,39947,39944,2426.927000,0.00,0.00,100.00,0.00,0.00,19:100.00
free-cores,same-chiplet,bfs,cores-18-19-20,5,worker-2,39948,39944,2423.502000,0.00,0.00,100.00,0.00,0.00,20:100.00
free-cores,same-chiplet,bfs,cores-25-26-27,1,master,40097,40097,2728.685000,0.00,0.00,0.00,99.89,0.11,"25:99.89, 118:0.11"
free-cores,same-chiplet,bfs,cores-25-26-27,1,worker-1,40099,40097,2971.464000,0.00,0.00,0.00,100.00,0.00,26:100.00
free-cores,same-chiplet,bfs,cores-25-26-27,1,worker-2,40100,40097,2965.809000,0.00,0.00,0.00,100.00,0.00,27:100.00
free-cores,same-chiplet,bfs,cores-25-26-27,2,master,40129,40129,2808.962000,0.00,0.00,0.00,99.90,0.10,"25:99.90, 118:0.05, 34:0.05"
free-cores,same-chiplet,bfs,cores-25-26-27,2,worker-1,40131,40129,2921.064000,0.00,0.00,0.00,100.00,0.00,26:100.00
free-cores,same-chiplet,bfs,cores-25-26-27,2,worker-2,40132,40129,2916.127000,0.00,0.00,0.00,100.00,0.00,27:100.00
free-cores,same-chiplet,bfs,cores-25-26-27,3,master,40160,40160,2875.579000,0.00,0.00,0.00,99.94,0.06,"25:99.94, 34:0.06"
free-cores,same-chiplet,bfs,cores-25-26-27,3,worker-1,40166,40160,2940.595000,0.00,0.00,0.00,100.00,0.00,26:100.00
free-cores,same-chiplet,bfs,cores-25-26-27,3,worker-2,40167,40160,2936.031000,0.00,0.00,0.00,100.00,0.00,27:100.00
free-cores,same-chiplet,bfs,cores-25-26-27,4,master,40200,40200,2936.716000,0.00,0.00,0.00,99.91,0.09,"25:99.91, 118:0.09"
free-cores,same-chiplet,bfs,cores-25-26-27,4,worker-1,40202,40200,2942.254000,0.00,0.00,0.00,100.00,0.00,26:100.00
free-cores,same-chiplet,bfs,cores-25-26-27,4,worker-2,40203,40200,2932.202000,0.00,0.00,0.00,100.00,0.00,27:100.00
free-cores,same-chiplet,bfs,cores-25-26-27,5,master,40237,40237,2948.624000,0.00,0.00,0.00,99.89,0.11,"25:99.89, 118:0.11"
free-cores,same-chiplet,bfs,cores-25-26-27,5,worker-1,40239,40237,2932.389000,0.00,0.00,0.00,100.00,0.00,26:100.00
free-cores,same-chiplet,bfs,cores-25-26-27,5,worker-2,40240,40237,2926.294000,0.00,0.00,0.00,100.00,0.00,27:100.00
free-cores,same-chiplet,bfs,cores-4-5-6,1,master,38446,38446,2387.310000,99.88,0.00,0.00,0.00,0.12,"4:99.88, 118:0.12"
free-cores,same-chiplet,bfs,cores-4-5-6,1,worker-1,38448,38446,2398.048000,100.00,0.00,0.00,0.00,0.00,5:100.00
free-cores,same-chiplet,bfs,cores-4-5-6,1,worker-2,38449,38446,2392.295000,100.00,0.00,0.00,0.00,0.00,6:100.00
free-cores,same-chiplet,bfs,cores-4-5-6,2,master,38478,38478,1985.088000,99.84,0.00,0.00,0.00,0.16,"4:99.84, 118:0.16"
free-cores,same-chiplet,bfs,cores-4-5-6,2,worker-1,38480,38478,2403.664000,100.00,0.00,0.00,0.00,0.00,5:100.00
free-cores,same-chiplet,bfs,cores-4-5-6,2,worker-2,38481,38478,2400.594000,100.00,0.00,0.00,0.00,0.00,6:100.00
free-cores,same-chiplet,bfs,cores-4-5-6,3,master,38509,38509,2101.042000,99.85,0.00,0.00,0.00,0.15,"4:99.85, 118:0.15"
free-cores,same-chiplet,bfs,cores-4-5-6,3,worker-1,38511,38509,2379.099000,100.00,0.00,0.00,0.00,0.00,5:100.00
free-cores,same-chiplet,bfs,cores-4-5-6,3,worker-2,38512,38509,2373.484000,100.00,0.00,0.00,0.00,0.00,6:100.00
free-cores,same-chiplet,bfs,cores-4-5-6,4,master,38540,38540,2215.760000,99.91,0.00,0.00,0.00,0.09,"4:99.91, 34:0.09"
free-cores,same-chiplet,bfs,cores-4-5-6,4,worker-1,38542,38540,2381.791000,100.00,0.00,0.00,0.00,0.00,5:100.00
free-cores,same-chiplet,bfs,cores-4-5-6,4,worker-2,38543,38540,2377.034000,100.00,0.00,0.00,0.00,0.00,6:100.00
free-cores,same-chiplet,bfs,cores-4-5-6,5,master,38571,38571,2273.059000,99.86,0.00,0.00,0.00,0.14,"4:99.86, 118:0.14"
free-cores,same-chiplet,bfs,cores-4-5-6,5,worker-1,38573,38571,2380.052000,100.00,0.00,0.00,0.00,0.00,5:100.00
free-cores,same-chiplet,bfs,cores-4-5-6,5,worker-2,38574,38571,2374.795000,100.00,0.00,0.00,0.00,0.00,6:100.00
free-cores,eevdf,cc,,1,master,297337,297337,2656.629000,100.00,0.00,0.00,0.00,0.00,4:100.00
free-cores,eevdf,cc,,1,worker-1,297339,297337,2645.113000,0.00,0.00,100.00,0.00,0.00,20:100.00
free-cores,eevdf,cc,,1,worker-2,297340,297337,3186.117000,0.00,0.00,0.00,100.00,0.00,27:100.00
free-cores,eevdf,cc,,2,master,297392,297392,3090.069000,0.00,0.00,0.00,100.00,0.00,25:100.00
free-cores,eevdf,cc,,2,worker-1,297398,297392,2640.022000,0.00,0.00,100.00,0.00,0.00,20:100.00
free-cores,eevdf,cc,,2,worker-2,297399,297392,2629.956000,100.00,0.00,0.00,0.00,0.00,4:100.00
free-cores,eevdf,cc,,3,master,297496,297496,2649.153000,100.00,0.00,0.00,0.00,0.00,4:100.00
free-cores,eevdf,cc,,3,worker-1,297498,297496,2644.398000,0.00,0.00,100.00,0.00,0.00,20:100.00
free-cores,eevdf,cc,,3,worker-2,297499,297496,3169.823000,0.00,0.00,0.00,100.00,0.00,27:100.00
free-cores,eevdf,cc,,4,master,297570,297570,2644.270000,100.00,0.00,0.00,0.00,0.00,4:100.00
free-cores,eevdf,cc,,4,worker-1,297572,297570,2631.625000,0.00,0.00,100.00,0.00,0.00,20:100.00
free-cores,eevdf,cc,,4,worker-2,297573,297570,3154.787000,0.00,0.00,0.00,100.00,0.00,27:100.00
free-cores,eevdf,cc,,5,master,297604,297604,2667.846000,100.00,0.00,0.00,0.00,0.00,"6:60.34, 4:39.66"
free-cores,eevdf,cc,,5,worker-1,297606,297604,2641.154000,0.00,0.00,100.00,0.00,0.00,20:100.00
free-cores,eevdf,cc,,5,worker-2,297607,297604,3172.921000,0.00,0.00,0.00,100.00,0.00,27:100.00
free-cores,optimal,cc,,1,master,298356,298356,2243.977000,99.85,0.00,0.00,0.00,0.15,"4:99.85, 132:0.15"
free-cores,optimal,cc,,1,worker-1,298364,298356,2413.318000,100.00,0.00,0.00,0.00,0.00,5:100.00
free-cores,optimal,cc,,1,worker-2,298365,298356,2407.662000,100.00,0.00,0.00,0.00,0.00,6:100.00
free-cores,optimal,cc,,2,master,298397,298397,2371.651000,99.86,0.00,0.00,0.00,0.14,"4:99.86, 125:0.14"
free-cores,optimal,cc,,2,worker-1,298399,298397,2400.620000,100.00,0.00,0.00,0.00,0.00,5:100.00
free-cores,optimal,cc,,2,worker-2,298400,298397,2398.100000,100.00,0.00,0.00,0.00,0.00,6:100.00
free-cores,optimal,cc,,3,master,298437,298437,1816.460000,99.84,0.00,0.00,0.00,0.16,"4:99.84, 125:0.16"
free-cores,optimal,cc,,3,worker-1,298439,298437,2408.688000,100.00,0.00,0.00,0.00,0.00,5:100.00
free-cores,optimal,cc,,3,worker-2,298440,298437,2404.606000,100.00,0.00,0.00,0.00,0.00,6:100.00
free-cores,optimal,cc,,4,master,298491,298491,2387.825000,99.88,0.00,0.00,0.00,0.12,"4:99.88, 118:0.12"
free-cores,optimal,cc,,4,worker-1,298494,298491,2395.545000,100.00,0.00,0.00,0.00,0.00,5:100.00
free-cores,optimal,cc,,4,worker-2,298495,298491,2390.691000,100.00,0.00,0.00,0.00,0.00,6:100.00
free-cores,optimal,cc,,5,master,298805,298805,1839.579000,99.81,0.00,0.00,0.00,0.19,"4:99.81, 118:0.19"
free-cores,optimal,cc,,5,worker-1,298807,298805,2422.192000,100.00,0.00,0.00,0.00,0.00,5:100.00
free-cores,optimal,cc,,5,worker-2,298808,298805,2407.880000,100.00,0.00,0.00,0.00,0.00,6:100.00
free-cores,same-chiplet,cc,cores-11-12-13,1,master,42514,42514,1712.318000,0.00,99.80,0.00,0.00,0.20,"11:99.80, 112:0.20"
free-cores,same-chiplet,cc,cores-11-12-13,1,worker-1,42521,42514,2443.267000,0.00,100.00,0.00,0.00,0.00,12:100.00
free-cores,same-chiplet,cc,cores-11-12-13,1,worker-2,42522,42514,2439.495000,0.00,100.00,0.00,0.00,0.00,13:100.00
free-cores,same-chiplet,cc,cores-11-12-13,2,master,42561,42561,2303.171000,0.00,99.87,0.00,0.00,0.13,"11:99.87, 125:0.13"
free-cores,same-chiplet,cc,cores-11-12-13,2,worker-1,42563,42561,2466.946000,0.00,100.00,0.00,0.00,0.00,12:100.00
free-cores,same-chiplet,cc,cores-11-12-13,2,worker-2,42564,42561,2462.518000,0.00,100.00,0.00,0.00,0.00,13:100.00
free-cores,same-chiplet,cc,cores-11-12-13,3,master,42592,42592,1752.455000,0.00,99.83,0.00,0.00,0.17,"11:99.83, 125:0.17"
free-cores,same-chiplet,cc,cores-11-12-13,3,worker-1,42597,42592,2431.989000,0.00,100.00,0.00,0.00,0.00,12:100.00
free-cores,same-chiplet,cc,cores-11-12-13,3,worker-2,42598,42592,2426.109000,0.00,100.00,0.00,0.00,0.00,13:100.00
free-cores,same-chiplet,cc,cores-11-12-13,4,master,42626,42626,1836.881000,0.00,99.85,0.00,0.00,0.15,"11:99.85, 118:0.15"
free-cores,same-chiplet,cc,cores-11-12-13,4,worker-1,42628,42626,2452.625000,0.00,100.00,0.00,0.00,0.00,12:100.00
free-cores,same-chiplet,cc,cores-11-12-13,4,worker-2,42629,42626,2447.312000,0.00,100.00,0.00,0.00,0.00,13:100.00
free-cores,same-chiplet,cc,cores-11-12-13,5,master,42749,42749,1731.773000,0.00,99.86,0.00,0.00,0.14,"11:99.86, 118:0.14"
free-cores,same-chiplet,cc,cores-11-12-13,5,worker-1,42751,42749,2446.937000,0.00,100.00,0.00,0.00,0.00,12:100.00
free-cores,same-chiplet,cc,cores-11-12-13,5,worker-2,42752,42749,2441.674000,0.00,100.00,0.00,0.00,0.00,13:100.00
free-cores,same-chiplet,cc,cores-18-19-20,1,master,42780,42780,2467.741000,0.00,0.00,99.87,0.00,0.13,"18:99.87, 118:0.13"
free-cores,same-chiplet,cc,cores-18-19-20,1,worker-1,42782,42780,2464.719000,0.00,0.00,100.00,0.00,0.00,19:100.00
free-cores,same-chiplet,cc,cores-18-19-20,1,worker-2,42783,42780,2459.885000,0.00,0.00,100.00,0.00,0.00,20:100.00
free-cores,same-chiplet,cc,cores-18-19-20,2,master,42814,42814,1837.063000,0.00,0.00,99.84,0.00,0.16,"18:99.84, 118:0.16"
free-cores,same-chiplet,cc,cores-18-19-20,2,worker-1,42816,42814,2481.769000,0.00,0.00,100.00,0.00,0.00,19:100.00
free-cores,same-chiplet,cc,cores-18-19-20,2,worker-2,42817,42814,2477.251000,0.00,0.00,100.00,0.00,0.00,20:100.00
free-cores,same-chiplet,cc,cores-18-19-20,3,master,42849,42849,1902.635000,0.00,0.00,99.86,0.00,0.14,"18:99.86, 125:0.14"
free-cores,same-chiplet,cc,cores-18-19-20,3,worker-1,42851,42849,2483.974000,0.00,0.00,100.00,0.00,0.00,19:100.00
free-cores,same-chiplet,cc,cores-18-19-20,3,worker-2,42852,42849,2481.061000,0.00,0.00,100.00,0.00,0.00,20:100.00
free-cores,same-chiplet,cc,cores-18-19-20,4,master,43014,43014,1879.385000,0.00,0.00,99.86,0.00,0.14,"18:99.86, 125:0.14"
free-cores,same-chiplet,cc,cores-18-19-20,4,worker-1,43124,43014,2465.021000,0.00,0.00,100.00,0.00,0.00,19:100.00
free-cores,same-chiplet,cc,cores-18-19-20,4,worker-2,43125,43014,2461.728000,0.00,0.00,100.00,0.00,0.00,20:100.00
free-cores,same-chiplet,cc,cores-18-19-20,5,master,43181,43181,1961.162000,0.00,0.00,99.85,0.00,0.15,"18:99.85, 112:0.15"
free-cores,same-chiplet,cc,cores-18-19-20,5,worker-1,43183,43181,2453.105000,0.00,0.00,100.00,0.00,0.00,19:100.00
free-cores,same-chiplet,cc,cores-18-19-20,5,worker-2,43184,43181,2449.824000,0.00,0.00,100.00,0.00,0.00,20:100.00
free-cores,same-chiplet,cc,cores-25-26-27,1,master,43319,43319,2964.281000,0.00,0.00,0.00,99.90,0.10,"25:99.90, 118:0.10"
free-cores,same-chiplet,cc,cores-25-26-27,1,worker-1,43321,43319,2997.407000,0.00,0.00,0.00,100.00,0.00,26:100.00
free-cores,same-chiplet,cc,cores-25-26-27,1,worker-2,43322,43319,2993.079000,0.00,0.00,0.00,100.00,0.00,27:100.00
free-cores,same-chiplet,cc,cores-25-26-27,2,master,43379,43379,3076.679000,0.00,0.00,0.00,99.90,0.10,"25:99.90, 118:0.10"
free-cores,same-chiplet,cc,cores-25-26-27,2,worker-1,43381,43379,2999.438000,0.00,0.00,0.00,100.00,0.00,26:100.00
free-cores,same-chiplet,cc,cores-25-26-27,2,worker-2,43382,43379,2996.657000,0.00,0.00,0.00,100.00,0.00,27:100.00
free-cores,same-chiplet,cc,cores-25-26-27,3,master,43534,43534,2184.126000,0.00,0.00,0.00,99.87,0.13,"25:99.87, 118:0.13"
free-cores,same-chiplet,cc,cores-25-26-27,3,worker-1,43536,43534,2996.542000,0.00,0.00,0.00,100.00,0.00,26:100.00
free-cores,same-chiplet,cc,cores-25-26-27,3,worker-2,43537,43534,2991.706000,0.00,0.00,0.00,100.00,0.00,27:100.00
free-cores,same-chiplet,cc,cores-25-26-27,4,master,43578,43578,3156.164000,0.00,0.00,0.00,99.91,0.09,"25:99.91, 118:0.09"
free-cores,same-chiplet,cc,cores-25-26-27,4,worker-1,43580,43578,3016.980000,0.00,0.00,0.00,100.00,0.00,26:100.00
free-cores,same-chiplet,cc,cores-25-26-27,4,worker-2,43581,43578,3009.908000,0.00,0.00,0.00,100.00,0.00,27:100.00
free-cores,same-chiplet,cc,cores-25-26-27,5,master,43731,43731,2230.896000,0.00,0.00,0.00,99.84,0.16,"25:99.84, 118:0.16"
free-cores,same-chiplet,cc,cores-25-26-27,5,worker-1,43837,43731,2999.816000,0.00,0.00,0.00,100.00,0.00,26:100.00
free-cores,same-chiplet,cc,cores-25-26-27,5,worker-2,43838,43731,2997.376000,0.00,0.00,0.00,100.00,0.00,27:100.00
free-cores,same-chiplet,cc,cores-4-5-6,1,master,41977,41977,1581.060000,99.81,0.00,0.00,0.00,0.19,"4:99.81, 118:0.19"
free-cores,same-chiplet,cc,cores-4-5-6,1,worker-1,41979,41977,2431.733000,100.00,0.00,0.00,0.00,0.00,5:100.00
free-cores,same-chiplet,cc,cores-4-5-6,1,worker-2,41980,41977,2428.663000,100.00,0.00,0.00,0.00,0.00,6:100.00
free-cores,same-chiplet,cc,cores-4-5-6,2,master,42008,42008,1581.258000,99.80,0.00,0.00,0.00,0.20,"4:99.80, 118:0.20"
free-cores,same-chiplet,cc,cores-4-5-6,2,worker-1,42010,42008,2432.787000,100.00,0.00,0.00,0.00,0.00,5:100.00
free-cores,same-chiplet,cc,cores-4-5-6,2,worker-2,42011,42008,2428.516000,100.00,0.00,0.00,0.00,0.00,6:100.00
free-cores,same-chiplet,cc,cores-4-5-6,3,master,42045,42045,2111.779000,99.87,0.00,0.00,0.00,0.13,"4:99.87, 118:0.13"
free-cores,same-chiplet,cc,cores-4-5-6,3,worker-1,42047,42045,2404.956000,100.00,0.00,0.00,0.00,0.00,5:100.00
free-cores,same-chiplet,cc,cores-4-5-6,3,worker-2,42048,42045,2402.057000,100.00,0.00,0.00,0.00,0.00,6:100.00
free-cores,same-chiplet,cc,cores-4-5-6,4,master,42196,42196,1640.336000,99.82,0.00,0.00,0.00,0.18,"4:99.82, 118:0.18"
free-cores,same-chiplet,cc,cores-4-5-6,4,worker-1,42207,42196,2409.781000,100.00,0.00,0.00,0.00,0.00,5:100.00
free-cores,same-chiplet,cc,cores-4-5-6,4,worker-2,42208,42196,2406.093000,100.00,0.00,0.00,0.00,0.00,6:100.00
free-cores,same-chiplet,cc,cores-4-5-6,5,master,42343,42343,1738.959000,99.80,0.00,0.00,0.00,0.20,"4:99.80, 118:0.20"
free-cores,same-chiplet,cc,cores-4-5-6,5,worker-1,42345,42343,2409.122000,100.00,0.00,0.00,0.00,0.00,5:100.00
free-cores,same-chiplet,cc,cores-4-5-6,5,worker-2,42346,42343,2404.049000,100.00,0.00,0.00,0.00,0.00,6:100.00
free-cores,eevdf,pr,,1,master,297015,297015,2538.148000,100.00,0.00,0.00,0.00,0.00,4:100.00
free-cores,eevdf,pr,,1,worker-1,297017,297015,2696.115000,0.00,0.00,100.00,0.00,0.00,20:100.00
free-cores,eevdf,pr,,1,worker-2,297018,297015,2687.200000,0.00,100.00,0.00,0.00,0.00,12:100.00
free-cores,eevdf,pr,,2,master,297058,297058,2061.794000,100.00,0.00,0.00,0.00,0.00,4:100.00
free-cores,eevdf,pr,,2,worker-1,297060,297058,2733.264000,0.00,100.00,0.00,0.00,0.00,12:100.00
free-cores,eevdf,pr,,2,worker-2,297061,297058,2731.715000,0.00,0.00,100.00,0.00,0.00,20:100.00
free-cores,eevdf,pr,,3,master,297099,297099,2769.252000,100.00,0.00,0.00,0.00,0.00,4:100.00
free-cores,eevdf,pr,,3,worker-1,297114,297099,2722.430000,0.00,100.00,0.00,0.00,0.00,"13:58.63, 12:41.37"
free-cores,eevdf,pr,,3,worker-2,297115,297099,2706.252000,0.00,0.00,100.00,0.00,0.00,20:100.00
free-cores,eevdf,pr,,4,master,297148,297148,2565.993000,100.00,0.00,0.00,0.00,0.00,4:100.00
free-cores,eevdf,pr,,4,worker-1,297150,297148,2728.461000,0.00,0.00,100.00,0.00,0.00,20:100.00
free-cores,eevdf,pr,,4,worker-2,297151,297148,2721.527000,0.00,100.00,0.00,0.00,0.00,13:100.00
free-cores,eevdf,pr,,5,master,297188,297188,2268.141000,100.00,0.00,0.00,0.00,0.00,4:100.00
free-cores,eevdf,pr,,5,worker-1,297190,297188,2779.499000,0.00,100.00,0.00,0.00,0.00,13:100.00
free-cores,eevdf,pr,,5,worker-2,297191,297188,2764.439000,0.00,0.00,100.00,0.00,0.00,20:100.00
free-cores,optimal,pr,,1,master,297879,297879,2376.816000,99.87,0.00,0.00,0.00,0.13,"4:99.87, 125:0.13"
free-cores,optimal,pr,,1,worker-1,297882,297879,2513.973000,100.00,0.00,0.00,0.00,0.00,5:100.00
free-cores,optimal,pr,,1,worker-2,297883,297879,2511.565000,100.00,0.00,0.00,0.00,0.00,6:100.00
free-cores,optimal,pr,,2,master,298204,298204,1820.412000,99.84,0.00,0.00,0.00,0.16,"4:99.84, 118:0.16"
free-cores,optimal,pr,,2,worker-1,298206,298204,2515.846000,100.00,0.00,0.00,0.00,0.00,5:100.00
free-cores,optimal,pr,,2,worker-2,298207,298204,2514.796000,100.00,0.00,0.00,0.00,0.00,6:100.00
free-cores,optimal,pr,,3,master,298244,298244,1664.429000,99.82,0.00,0.00,0.00,0.18,"4:99.82, 118:0.18"
free-cores,optimal,pr,,3,worker-1,298246,298244,2541.961000,100.00,0.00,0.00,0.00,0.00,5:100.00
free-cores,optimal,pr,,3,worker-2,298247,298244,2537.213000,100.00,0.00,0.00,0.00,0.00,6:100.00
free-cores,optimal,pr,,4,master,298279,298279,2472.464000,99.88,0.00,0.00,0.00,0.12,"4:99.88, 118:0.12"
free-cores,optimal,pr,,4,worker-1,298281,298279,2509.450000,100.00,0.00,0.00,0.00,0.00,5:100.00
free-cores,optimal,pr,,4,worker-2,298282,298279,2505.355000,100.00,0.00,0.00,0.00,0.00,6:100.00
free-cores,optimal,pr,,5,master,298320,298320,2071.859000,99.83,0.00,0.00,0.00,0.17,"4:99.83, 117:0.17"
free-cores,optimal,pr,,5,worker-1,298322,298320,2534.746000,100.00,0.00,0.00,0.00,0.00,5:100.00
free-cores,optimal,pr,,5,worker-2,298323,298320,2526.592000,100.00,0.00,0.00,0.00,0.00,6:100.00
free-cores,same-chiplet,pr,cores-11-12-13,1,master,40689,40689,2612.822000,0.00,99.89,0.00,0.00,0.11,"11:99.89, 118:0.11"
free-cores,same-chiplet,pr,cores-11-12-13,1,worker-1,40691,40689,2564.842000,0.00,100.00,0.00,0.00,0.00,12:100.00
free-cores,same-chiplet,pr,cores-11-12-13,1,worker-2,40692,40689,2563.760000,0.00,100.00,0.00,0.00,0.00,13:100.00
free-cores,same-chiplet,pr,cores-11-12-13,2,master,40720,40720,2616.799000,0.00,99.89,0.00,0.00,0.11,"11:99.89, 118:0.11"
free-cores,same-chiplet,pr,cores-11-12-13,2,worker-1,40722,40720,2579.323000,0.00,100.00,0.00,0.00,0.00,12:100.00
free-cores,same-chiplet,pr,cores-11-12-13,2,worker-2,40723,40720,2574.706000,0.00,100.00,0.00,0.00,0.00,13:100.00
free-cores,same-chiplet,pr,cores-11-12-13,3,master,40883,40883,2572.383000,0.00,99.89,0.00,0.00,0.11,"11:99.89, 118:0.11"
free-cores,same-chiplet,pr,cores-11-12-13,3,worker-1,40885,40883,2550.780000,0.00,100.00,0.00,0.00,0.00,12:100.00
free-cores,same-chiplet,pr,cores-11-12-13,3,worker-2,40886,40883,2546.543000,0.00,100.00,0.00,0.00,0.00,13:100.00
free-cores,same-chiplet,pr,cores-11-12-13,4,master,41038,41038,1676.205000,0.00,99.83,0.00,0.00,0.17,"11:99.83, 118:0.17"
free-cores,same-chiplet,pr,cores-11-12-13,4,worker-1,41040,41038,2541.454000,0.00,100.00,0.00,0.00,0.00,12:100.00
free-cores,same-chiplet,pr,cores-11-12-13,4,worker-2,41041,41038,2536.892000,0.00,100.00,0.00,0.00,0.00,13:100.00
free-cores,same-chiplet,pr,cores-11-12-13,5,master,41081,41081,1831.748000,0.00,99.87,0.00,0.00,0.13,"11:99.87, 34:0.13"
free-cores,same-chiplet,pr,cores-11-12-13,5,worker-1,41083,41081,2548.113000,0.00,100.00,0.00,0.00,0.00,12:100.00
free-cores,same-chiplet,pr,cores-11-12-13,5,worker-2,41084,41081,2543.745000,0.00,100.00,0.00,0.00,0.00,13:100.00
free-cores,same-chiplet,pr,cores-18-19-20,1,master,41112,41112,2595.551000,0.00,0.00,99.88,0.00,0.12,"18:99.88, 118:0.12"
free-cores,same-chiplet,pr,cores-18-19-20,1,worker-1,41114,41112,2577.088000,0.00,0.00,100.00,0.00,0.00,19:100.00
free-cores,same-chiplet,pr,cores-18-19-20,1,worker-2,41115,41112,2572.662000,0.00,0.00,100.00,0.00,0.00,20:100.00
free-cores,same-chiplet,pr,cores-18-19-20,2,master,41144,41144,1981.009000,0.00,0.00,99.84,0.00,0.16,"18:99.84, 118:0.16"
free-cores,same-chiplet,pr,cores-18-19-20,2,worker-1,41146,41144,2595.071000,0.00,0.00,100.00,0.00,0.00,19:100.00
free-cores,same-chiplet,pr,cores-18-19-20,2,worker-2,41147,41144,2592.587000,0.00,0.00,100.00,0.00,0.00,20:100.00
free-cores,same-chiplet,pr,cores-18-19-20,3,master,41301,41301,2059.575000,0.00,0.00,99.83,0.00,0.17,"18:99.83, 118:0.17"
free-cores,same-chiplet,pr,cores-18-19-20,3,worker-1,41303,41301,2600.215000,0.00,0.00,100.00,0.00,0.00,19:100.00
free-cores,same-chiplet,pr,cores-18-19-20,3,worker-2,41304,41301,2597.465000,0.00,0.00,100.00,0.00,0.00,20:100.00
free-cores,same-chiplet,pr,cores-18-19-20,4,master,41344,41344,2147.712000,0.00,0.00,99.89,0.00,0.11,"18:99.89, 118:0.11"
free-cores,same-chiplet,pr,cores-18-19-20,4,worker-1,41346,41344,2595.104000,0.00,0.00,100.00,0.00,0.00,19:100.00
free-cores,same-chiplet,pr,cores-18-19-20,4,worker-2,41347,41344,2591.538000,0.00,0.00,100.00,0.00,0.00,20:100.00
free-cores,same-chiplet,pr,cores-18-19-20,5,master,41376,41376,2284.971000,0.00,0.00,99.86,0.00,0.14,"18:99.86, 125:0.14"
free-cores,same-chiplet,pr,cores-18-19-20,5,worker-1,41378,41376,2596.018000,0.00,0.00,100.00,0.00,0.00,19:100.00
free-cores,same-chiplet,pr,cores-18-19-20,5,worker-2,41379,41376,2592.936000,0.00,0.00,100.00,0.00,0.00,20:100.00
free-cores,same-chiplet,pr,cores-25-26-27,1,master,41407,41407,3303.858000,0.00,0.00,0.00,99.94,0.06,"25:99.94, 34:0.06"
free-cores,same-chiplet,pr,cores-25-26-27,1,worker-1,41411,41407,3268.763000,0.00,0.00,0.00,100.00,0.00,26:100.00
free-cores,same-chiplet,pr,cores-25-26-27,1,worker-2,41412,41407,3266.477000,0.00,0.00,0.00,100.00,0.00,27:100.00
free-cores,same-chiplet,pr,cores-25-26-27,2,master,41577,41577,3296.247000,0.00,0.00,0.00,99.91,0.09,"25:99.91, 118:0.09"
free-cores,same-chiplet,pr,cores-25-26-27,2,worker-1,41579,41577,3273.166000,0.00,0.00,0.00,100.00,0.00,26:100.00
free-cores,same-chiplet,pr,cores-25-26-27,2,worker-2,41580,41577,3269.579000,0.00,0.00,0.00,100.00,0.00,27:100.00
free-cores,same-chiplet,pr,cores-25-26-27,3,master,41729,41729,3395.188000,0.00,0.00,0.00,99.90,0.10,"25:99.90, 118:0.10"
free-cores,same-chiplet,pr,cores-25-26-27,3,worker-1,41731,41729,3288.958000,0.00,0.00,0.00,100.00,0.00,26:100.00
free-cores,same-chiplet,pr,cores-25-26-27,3,worker-2,41732,41729,3284.724000,0.00,0.00,0.00,100.00,0.00,27:100.00
free-cores,same-chiplet,pr,cores-25-26-27,4,master,41897,41897,3395.562000,0.00,0.00,0.00,99.90,0.10,"25:99.90, 118:0.10"
free-cores,same-chiplet,pr,cores-25-26-27,4,worker-1,41899,41897,3291.127000,0.00,0.00,0.00,100.00,0.00,26:100.00
free-cores,same-chiplet,pr,cores-25-26-27,4,worker-2,41900,41897,3286.443000,0.00,0.00,0.00,100.00,0.00,27:100.00
free-cores,same-chiplet,pr,cores-25-26-27,5,master,41942,41942,3364.992000,0.00,0.00,0.00,99.91,0.09,"25:99.91, 118:0.09"
free-cores,same-chiplet,pr,cores-25-26-27,5,worker-1,41944,41942,3291.700000,0.00,0.00,0.00,100.00,0.00,26:100.00
free-cores,same-chiplet,pr,cores-25-26-27,5,worker-2,41945,41942,3289.970000,0.00,0.00,0.00,100.00,0.00,27:100.00
free-cores,same-chiplet,pr,cores-4-5-6,1,master,40270,40270,2265.398000,99.86,0.00,0.00,0.00,0.14,"4:99.86, 118:0.14"
free-cores,same-chiplet,pr,cores-4-5-6,1,worker-1,40272,40270,2522.722000,100.00,0.00,0.00,0.00,0.00,5:100.00
free-cores,same-chiplet,pr,cores-4-5-6,1,worker-2,40273,40270,2521.896000,100.00,0.00,0.00,0.00,0.00,6:100.00
free-cores,same-chiplet,pr,cores-4-5-6,2,master,40303,40303,2373.129000,99.86,0.00,0.00,0.00,0.14,"4:99.86, 118:0.14"
free-cores,same-chiplet,pr,cores-4-5-6,2,worker-1,40305,40303,2526.069000,100.00,0.00,0.00,0.00,0.00,5:100.00
free-cores,same-chiplet,pr,cores-4-5-6,2,worker-2,40306,40303,2523.156000,100.00,0.00,0.00,0.00,0.00,6:100.00
free-cores,same-chiplet,pr,cores-4-5-6,3,master,40334,40334,2489.273000,99.87,0.00,0.00,0.00,0.13,"4:99.87, 118:0.13"
free-cores,same-chiplet,pr,cores-4-5-6,3,worker-1,40337,40334,2529.002000,100.00,0.00,0.00,0.00,0.00,5:100.00
free-cores,same-chiplet,pr,cores-4-5-6,3,worker-2,40338,40334,2523.328000,100.00,0.00,0.00,0.00,0.00,6:100.00
free-cores,same-chiplet,pr,cores-4-5-6,4,master,40374,40374,2564.942000,99.89,0.00,0.00,0.00,0.11,"4:99.89, 118:0.11"
free-cores,same-chiplet,pr,cores-4-5-6,4,worker-1,40376,40374,2527.099000,100.00,0.00,0.00,0.00,0.00,5:100.00
free-cores,same-chiplet,pr,cores-4-5-6,4,worker-2,40377,40374,2523.058000,100.00,0.00,0.00,0.00,0.00,6:100.00
free-cores,same-chiplet,pr,cores-4-5-6,5,master,40427,40427,1711.267000,99.80,0.00,0.00,0.00,0.20,"4:99.80, 118:0.20"
free-cores,same-chiplet,pr,cores-4-5-6,5,worker-1,40527,40427,2524.429000,100.00,0.00,0.00,0.00,0.00,5:100.00
free-cores,same-chiplet,pr,cores-4-5-6,5,worker-2,40528,40427,2521.489000,100.00,0.00,0.00,0.00,0.00,6:100.00
