scenario,policy,benchmark,placement_tag,placement_detail,omp_threads,repeat,trial_time_s,perf_sched_status,perf_sched_trace_path,perf_sched_cpus
busy-cores,eevdf,bfs,,,3,1,0.095860,recorded,/home/seunghyun/exp3/exp1/results/full-run-k20-sudo-perf/raw/busy-cores__eevdf__bfs__r1__perf.timehist.log,"0,1,3,4,6,10,11,13,21,27"
busy-cores,eevdf,bfs,,,3,2,0.104880,recorded,/home/seunghyun/exp3/exp1/results/full-run-k20-sudo-perf/raw/busy-cores__eevdf__bfs__r2__perf.timehist.log,"0,3,4,7,8,10,21,27"
busy-cores,eevdf,bfs,,,3,3,0.071160,recorded,/home/seunghyun/exp3/exp1/results/full-run-k20-sudo-perf/raw/busy-cores__eevdf__bfs__r3__perf.timehist.log,"0,2,3,11,21,27"
busy-cores,eevdf,bfs,,,3,4,0.048040,recorded,/home/seunghyun/exp3/exp1/results/full-run-k20-sudo-perf/raw/busy-cores__eevdf__bfs__r4__perf.timehist.log,"0,3,8,12,13,21,22,26,27"
busy-cores,eevdf,bfs,,,3,5,0.118510,recorded,/home/seunghyun/exp3/exp1/results/full-run-k20-sudo-perf/raw/busy-cores__eevdf__bfs__r5__perf.timehist.log,"0,2,6,12,21,27"
busy-cores,optimal,bfs,,,3,1,0.024960,recorded,/home/seunghyun/exp3/exp1/results/full-run-k20-sudo-perf/raw/busy-cores__optimal__bfs__r1__perf.timehist.log,"0,1,2"
busy-cores,optimal,bfs,,,3,2,0.092700,recorded,/home/seunghyun/exp3/exp1/results/full-run-k20-sudo-perf/raw/busy-cores__optimal__bfs__r2__perf.timehist.log,"0,1,2"
busy-cores,optimal,bfs,,,3,3,0.024740,recorded,/home/seunghyun/exp3/exp1/results/full-run-k20-sudo-perf/raw/busy-cores__optimal__bfs__r3__perf.timehist.log,"0,1,2"
busy-cores,optimal,bfs,,,3,4,0.071500,recorded,/home/seunghyun/exp3/exp1/results/full-run-k20-sudo-perf/raw/busy-cores__optimal__bfs__r4__perf.timehist.log,"0,1,2"
busy-cores,optimal,bfs,,,3,5,0.100260,recorded,/home/seunghyun/exp3/exp1/results/full-run-k20-sudo-perf/raw/busy-cores__optimal__bfs__r5__perf.timehist.log,"0,1,2"
busy-cores,same-chiplet,bfs,taskset-21-27,taskset -c 21-27,3,1,0.137700,recorded,/home/seunghyun/exp3/exp1/results/same-chiplet-4avg-20260325T0308Z/raw/busy-cores__same-chiplet__bfs__taskset-21-27__r1__perf.timehist.log,"21,22,23"
busy-cores,same-chiplet,bfs,taskset-21-27,taskset -c 21-27,3,2,0.120550,recorded,/home/seunghyun/exp3/exp1/results/same-chiplet-4avg-20260325T0308Z/raw/busy-cores__same-chiplet__bfs__taskset-21-27__r2__perf.timehist.log,"21,22,23"
busy-cores,same-chiplet,bfs,taskset-21-27,taskset -c 21-27,3,3,0.126170,recorded,/home/seunghyun/exp3/exp1/results/same-chiplet-4avg-20260325T0308Z/raw/busy-cores__same-chiplet__bfs__taskset-21-27__r3__perf.timehist.log,"21,22,23"
busy-cores,same-chiplet,bfs,taskset-21-27,taskset -c 21-27,3,4,0.052580,recorded,/home/seunghyun/exp3/exp1/results/same-chiplet-4avg-20260325T0308Z/raw/busy-cores__same-chiplet__bfs__taskset-21-27__r4__perf.timehist.log,"21,22,23"
busy-cores,same-chiplet,bfs,taskset-21-27,taskset -c 21-27,3,5,0.120560,recorded,/home/seunghyun/exp3/exp1/results/same-chiplet-4avg-20260325T0308Z/raw/busy-cores__same-chiplet__bfs__taskset-21-27__r5__perf.timehist.log,"21,22,23"
busy-cores,eevdf,cc,,,3,1,0.125830,recorded,/home/seunghyun/exp3/exp1/results/full-run-k20-sudo-perf/raw/busy-cores__eevdf__cc__r1__perf.timehist.log,"0,3,12,21,23,27"
busy-cores,eevdf,cc,,,3,2,0.157820,recorded,/home/seunghyun/exp3/exp1/results/full-run-k20-sudo-perf/raw/busy-cores__eevdf__cc__r2__perf.timehist.log,"0,2,3,7,13,14,17,21,22,26,27"
busy-cores,eevdf,cc,,,3,3,0.132090,recorded,/home/seunghyun/exp3/exp1/results/full-run-k20-sudo-perf/raw/busy-cores__eevdf__cc__r3__perf.timehist.log,"0,2,3,9,13,24,27"
busy-cores,eevdf,cc,,,3,4,0.150680,recorded,/home/seunghyun/exp3/exp1/results/full-run-k20-sudo-perf/raw/busy-cores__eevdf__cc__r4__perf.timehist.log,"0,20,27"
busy-cores,eevdf,cc,,,3,5,0.124490,recorded,/home/seunghyun/exp3/exp1/results/full-run-k20-sudo-perf/raw/busy-cores__eevdf__cc__r5__perf.timehist.log,"0,4,7,9,12,23,27"
busy-cores,optimal,cc,,,3,1,0.064230,recorded,/home/seunghyun/exp3/exp1/results/full-run-k20-sudo-perf/raw/busy-cores__optimal__cc__r1__perf.timehist.log,"0,1,2"
busy-cores,optimal,cc,,,3,2,0.059070,recorded,/home/seunghyun/exp3/exp1/results/full-run-k20-sudo-perf/raw/busy-cores__optimal__cc__r2__perf.timehist.log,"0,1,2"
busy-cores,optimal,cc,,,3,3,0.085110,recorded,/home/seunghyun/exp3/exp1/results/full-run-k20-sudo-perf/raw/busy-cores__optimal__cc__r3__perf.timehist.log,"0,1,2"
busy-cores,optimal,cc,,,3,4,0.083440,recorded,/home/seunghyun/exp3/exp1/results/full-run-k20-sudo-perf/raw/busy-cores__optimal__cc__r4__perf.timehist.log,"0,1,2"
busy-cores,optimal,cc,,,3,5,0.078090,recorded,/home/seunghyun/exp3/exp1/results/full-run-k20-sudo-perf/raw/busy-cores__optimal__cc__r5__perf.timehist.log,"0,1,2"
busy-cores,same-chiplet,cc,taskset-21-27,taskset -c 21-27,3,1,0.188290,recorded,/home/seunghyun/exp3/exp1/results/same-chiplet-4avg-20260325T0308Z/raw/busy-cores__same-chiplet__cc__taskset-21-27__r1__perf.timehist.log,"21,22,23"
busy-cores,same-chiplet,cc,taskset-21-27,taskset -c 21-27,3,2,0.173880,recorded,/home/seunghyun/exp3/exp1/results/same-chiplet-4avg-20260325T0308Z/raw/busy-cores__same-chiplet__cc__taskset-21-27__r2__perf.timehist.log,"21,22,23"
busy-cores,same-chiplet,cc,taskset-21-27,taskset -c 21-27,3,3,0.182070,recorded,/home/seunghyun/exp3/exp1/results/same-chiplet-4avg-20260325T0308Z/raw/busy-cores__same-chiplet__cc__taskset-21-27__r3__perf.timehist.log,"21,22,23"
busy-cores,same-chiplet,cc,taskset-21-27,taskset -c 21-27,3,4,0.185330,recorded,/home/seunghyun/exp3/exp1/results/same-chiplet-4avg-20260325T0308Z/raw/busy-cores__same-chiplet__cc__taskset-21-27__r4__perf.timehist.log,"21,22,23"
busy-cores,same-chiplet,cc,taskset-21-27,taskset -c 21-27,3,5,0.196130,recorded,/home/seunghyun/exp3/exp1/results/same-chiplet-4avg-20260325T0308Z/raw/busy-cores__same-chiplet__cc__taskset-21-27__r5__perf.timehist.log,"21,22,23"
busy-cores,eevdf,pr,,,3,1,0.607180,recorded,/home/seunghyun/exp3/exp1/results/full-run-k20-sudo-perf/raw/busy-cores__eevdf__pr__r1__perf.timehist.log,"0,3,7,20,21,23,27"
busy-cores,eevdf,pr,,,3,2,0.582430,recorded,/home/seunghyun/exp3/exp1/results/full-run-k20-sudo-perf/raw/busy-cores__eevdf__pr__r2__perf.timehist.log,"0,1,3,5,14,17,20,21,22,27"
busy-cores,eevdf,pr,,,3,3,0.861730,recorded,/home/seunghyun/exp3/exp1/results/full-run-k20-sudo-perf/raw/busy-cores__eevdf__pr__r3__perf.timehist.log,"0,4,19,20,21,22,23,27"
busy-cores,eevdf,pr,,,3,4,0.591920,recorded,/home/seunghyun/exp3/exp1/results/full-run-k20-sudo-perf/raw/busy-cores__eevdf__pr__r4__perf.timehist.log,"0,2,3,7,20,23,26,27"
busy-cores,eevdf,pr,,,3,5,0.711870,recorded,/home/seunghyun/exp3/exp1/results/full-run-k20-sudo-perf/raw/busy-cores__eevdf__pr__r5__perf.timehist.log,"0,1,2,4,8,21,22,27"
busy-cores,optimal,pr,,,3,1,0.349950,recorded,/home/seunghyun/exp3/exp1/results/full-run-k20-sudo-perf/raw/busy-cores__optimal__pr__r1__perf.timehist.log,"0,1,2"
busy-cores,optimal,pr,,,3,2,0.313130,recorded,/home/seunghyun/exp3/exp1/results/full-run-k20-sudo-perf/raw/busy-cores__optimal__pr__r2__perf.timehist.log,"0,1,2"
busy-cores,optimal,pr,,,3,3,0.333100,recorded,/home/seunghyun/exp3/exp1/results/full-run-k20-sudo-perf/raw/busy-cores__optimal__pr__r3__perf.timehist.log,"0,1,2"
busy-cores,optimal,pr,,,3,4,0.317270,recorded,/home/seunghyun/exp3/exp1/results/full-run-k20-sudo-perf/raw/busy-cores__optimal__pr__r4__perf.timehist.log,"0,1,2"
busy-cores,optimal,pr,,,3,5,0.366140,recorded,/home/seunghyun/exp3/exp1/results/full-run-k20-sudo-perf/raw/busy-cores__optimal__pr__r5__perf.timehist.log,"0,1,2"
busy-cores,same-chiplet,pr,taskset-0-6,taskset -c 0-6,3,1,0.318870,recorded,/home/seunghyun/exp3/exp1/results/busy-pr-same-chiplet-4avg-20260325T0331Z/raw/busy-cores__same-chiplet__pr__taskset-0-6__r1__perf.timehist.log,"0,1,2"
busy-cores,same-chiplet,pr,taskset-0-6,taskset -c 0-6,3,2,0.325610,recorded,/home/seunghyun/exp3/exp1/results/busy-pr-same-chiplet-4avg-20260325T0331Z/raw/busy-cores__same-chiplet__pr__taskset-0-6__r2__perf.timehist.log,"0,1,2"
busy-cores,same-chiplet,pr,taskset-0-6,taskset -c 0-6,3,3,0.381400,recorded,/home/seunghyun/exp3/exp1/results/busy-pr-same-chiplet-4avg-20260325T0331Z/raw/busy-cores__same-chiplet__pr__taskset-0-6__r3__perf.timehist.log,"0,1,2"
busy-cores,same-chiplet,pr,taskset-0-6,taskset -c 0-6,3,4,0.317120,recorded,/home/seunghyun/exp3/exp1/results/busy-pr-same-chiplet-4avg-20260325T0331Z/raw/busy-cores__same-chiplet__pr__taskset-0-6__r4__perf.timehist.log,"0,1,2"
busy-cores,same-chiplet,pr,taskset-0-6,taskset -c 0-6,3,5,0.314900,recorded,/home/seunghyun/exp3/exp1/results/busy-pr-same-chiplet-4avg-20260325T0331Z/raw/busy-cores__same-chiplet__pr__taskset-0-6__r5__perf.timehist.log,"0,1,2"
busy-cores,same-chiplet,pr,taskset-14-20,taskset -c 14-20,3,1,1.132790,recorded,/home/seunghyun/exp3/exp1/results/busy-pr-same-chiplet-4avg-20260325T0331Z/raw/busy-cores__same-chiplet__pr__taskset-14-20__r1__perf.timehist.log,"14,15,16"
busy-cores,same-chiplet,pr,taskset-14-20,taskset -c 14-20,3,2,0.763400,recorded,/home/seunghyun/exp3/exp1/results/busy-pr-same-chiplet-4avg-20260325T0331Z/raw/busy-cores__same-chiplet__pr__taskset-14-20__r2__perf.timehist.log,"14,15,16"
busy-cores,same-chiplet,pr,taskset-14-20,taskset -c 14-20,3,3,1.154300,recorded,/home/seunghyun/exp3/exp1/results/busy-pr-same-chiplet-4avg-20260325T0331Z/raw/busy-cores__same-chiplet__pr__taskset-14-20__r3__perf.timehist.log,"14,15,16"
busy-cores,same-chiplet,pr,taskset-14-20,taskset -c 14-20,3,4,0.500250,recorded,/home/seunghyun/exp3/exp1/results/busy-pr-same-chiplet-4avg-20260325T0331Z/raw/busy-cores__same-chiplet__pr__taskset-14-20__r4__perf.timehist.log,"14,15,16"
busy-cores,same-chiplet,pr,taskset-14-20,taskset -c 14-20,3,5,1.112150,recorded,/home/seunghyun/exp3/exp1/results/busy-pr-same-chiplet-4avg-20260325T0331Z/raw/busy-cores__same-chiplet__pr__taskset-14-20__r5__perf.timehist.log,"14,15,16"
busy-cores,same-chiplet,pr,taskset-21-27,taskset -c 21-27,3,1,1.543980,recorded,/home/seunghyun/exp3/exp1/results/busy-pr-same-chiplet-4avg-20260325T0331Z/raw/busy-cores__same-chiplet__pr__taskset-21-27__r1__perf.timehist.log,"21,22,23"
busy-cores,same-chiplet,pr,taskset-21-27,taskset -c 21-27,3,2,1.085860,recorded,/home/seunghyun/exp3/exp1/results/busy-pr-same-chiplet-4avg-20260325T0331Z/raw/busy-cores__same-chiplet__pr__taskset-21-27__r2__perf.timehist.log,"21,22,23"
busy-cores,same-chiplet,pr,taskset-21-27,taskset -c 21-27,3,3,1.205650,recorded,/home/seunghyun/exp3/exp1/results/busy-pr-same-chiplet-4avg-20260325T0331Z/raw/busy-cores__same-chiplet__pr__taskset-21-27__r3__perf.timehist.log,"21,22,23"
busy-cores,same-chiplet,pr,taskset-21-27,taskset -c 21-27,3,4,1.437380,recorded,/home/seunghyun/exp3/exp1/results/busy-pr-same-chiplet-4avg-20260325T0331Z/raw/busy-cores__same-chiplet__pr__taskset-21-27__r4__perf.timehist.log,"21,22,23"
busy-cores,same-chiplet,pr,taskset-21-27,taskset -c 21-27,3,5,1.111630,recorded,/home/seunghyun/exp3/exp1/results/busy-pr-same-chiplet-4avg-20260325T0331Z/raw/busy-cores__same-chiplet__pr__taskset-21-27__r5__perf.timehist.log,"21,22,23"
busy-cores,same-chiplet,pr,taskset-7-13,taskset -c 7-13,3,1,0.315720,recorded,/home/seunghyun/exp3/exp1/results/busy-pr-same-chiplet-4avg-20260325T0331Z/raw/busy-cores__same-chiplet__pr__taskset-7-13__r1__perf.timehist.log,"7,8,9"
busy-cores,same-chiplet,pr,taskset-7-13,taskset -c 7-13,3,2,0.391980,recorded,/home/seunghyun/exp3/exp1/results/busy-pr-same-chiplet-4avg-20260325T0331Z/raw/busy-cores__same-chiplet__pr__taskset-7-13__r2__perf.timehist.log,"7,8,9"
busy-cores,same-chiplet,pr,taskset-7-13,taskset -c 7-13,3,3,0.319820,recorded,/home/seunghyun/exp3/exp1/results/busy-pr-same-chiplet-4avg-20260325T0331Z/raw/busy-cores__same-chiplet__pr__taskset-7-13__r3__perf.timehist.log,"7,8,9"
busy-cores,same-chiplet,pr,taskset-7-13,taskset -c 7-13,3,4,0.373390,recorded,/home/seunghyun/exp3/exp1/results/busy-pr-same-chiplet-4avg-20260325T0331Z/raw/busy-cores__same-chiplet__pr__taskset-7-13__r4__perf.timehist.log,"7,8,9"
busy-cores,same-chiplet,pr,taskset-7-13,taskset -c 7-13,3,5,0.315640,recorded,/home/seunghyun/exp3/exp1/results/busy-pr-same-chiplet-4avg-20260325T0331Z/raw/busy-cores__same-chiplet__pr__taskset-7-13__r5__perf.timehist.log,"7,8,9"
free-cores,eevdf,bfs,,,3,1,0.015300,recorded,/home/seunghyun/exp3/exp1/results/full-run-k20-sudo-perf/raw/free-cores__eevdf__bfs__r1__perf.timehist.log,"4,13,20"
free-cores,eevdf,bfs,,,3,2,0.015230,recorded,/home/seunghyun/exp3/exp1/results/full-run-k20-sudo-perf/raw/free-cores__eevdf__bfs__r2__perf.timehist.log,"4,13,20"
free-cores,eevdf,bfs,,,3,3,0.015150,recorded,/home/seunghyun/exp3/exp1/results/full-run-k20-sudo-perf/raw/free-cores__eevdf__bfs__r3__perf.timehist.log,"4,12,20"
free-cores,eevdf,bfs,,,3,4,0.015430,recorded,/home/seunghyun/exp3/exp1/results/full-run-k20-sudo-perf/raw/free-cores__eevdf__bfs__r4__perf.timehist.log,"4,13,20"
free-cores,eevdf,bfs,,,3,5,0.020660,recorded,/home/seunghyun/exp3/exp1/results/full-run-k20-sudo-perf/raw/free-cores__eevdf__bfs__r5__perf.timehist.log,"4,20,27"
free-cores,optimal,bfs,,,3,1,0.012440,recorded,/home/seunghyun/exp3/exp1/results/full-run-k20-sudo-perf/raw/free-cores__optimal__bfs__r1__perf.timehist.log,"4,5,6,118"
free-cores,optimal,bfs,,,3,2,0.012780,recorded,/home/seunghyun/exp3/exp1/results/full-run-k20-sudo-perf/raw/free-cores__optimal__bfs__r2__perf.timehist.log,"4,5,6,132"
free-cores,optimal,bfs,,,3,3,0.012740,recorded,/home/seunghyun/exp3/exp1/results/full-run-k20-sudo-perf/raw/free-cores__optimal__bfs__r3__perf.timehist.log,"4,5,6,132"
free-cores,optimal,bfs,,,3,4,0.012290,recorded,/home/seunghyun/exp3/exp1/results/full-run-k20-sudo-perf/raw/free-cores__optimal__bfs__r4__perf.timehist.log,"4,5,6,132"
free-cores,optimal,bfs,,,3,5,0.012200,recorded,/home/seunghyun/exp3/exp1/results/full-run-k20-sudo-perf/raw/free-cores__optimal__bfs__r5__perf.timehist.log,"4,5,6,118"
free-cores,same-chiplet,bfs,cores-11-12-13,"OMP_PLACES={11},{12},{13}",3,1,0.012930,recorded,/home/seunghyun/exp3/exp1/results/same-chiplet-4avg-20260325T0308Z/raw/free-cores__same-chiplet__bfs__cores-11-12-13__r1__perf.timehist.log,"11,12,13,118"
free-cores,same-chiplet,bfs,cores-11-12-13,"OMP_PLACES={11},{12},{13}",3,2,0.012530,recorded,/home/seunghyun/exp3/exp1/results/same-chiplet-4avg-20260325T0308Z/raw/free-cores__same-chiplet__bfs__cores-11-12-13__r2__perf.timehist.log,"11,12,13,118"
free-cores,same-chiplet,bfs,cores-11-12-13,"OMP_PLACES={11},{12},{13}",3,3,0.012530,recorded,/home/seunghyun/exp3/exp1/results/same-chiplet-4avg-20260325T0308Z/raw/free-cores__same-chiplet__bfs__cores-11-12-13__r3__perf.timehist.log,"11,12,13,118"
free-cores,same-chiplet,bfs,cores-11-12-13,"OMP_PLACES={11},{12},{13}",3,4,0.013060,recorded,/home/seunghyun/exp3/exp1/results/same-chiplet-4avg-20260325T0308Z/raw/free-cores__same-chiplet__bfs__cores-11-12-13__r4__perf.timehist.log,"11,12,13,118"
free-cores,same-chiplet,bfs,cores-11-12-13,"OMP_PLACES={11},{12},{13}",3,5,0.012720,recorded,/home/seunghyun/exp3/exp1/results/same-chiplet-4avg-20260325T0308Z/raw/free-cores__same-chiplet__bfs__cores-11-12-13__r5__perf.timehist.log,"11,12,13,118"
free-cores,same-chiplet,bfs,cores-18-19-20,"OMP_PLACES={18},{19},{20}",3,1,0.013190,recorded,/home/seunghyun/exp3/exp1/results/same-chiplet-4avg-20260325T0308Z/raw/free-cores__same-chiplet__bfs__cores-18-19-20__r1__perf.timehist.log,"18,19,20,118"
free-cores,same-chiplet,bfs,cores-18-19-20,"OMP_PLACES={18},{19},{20}",3,2,0.013380,recorded,/home/seunghyun/exp3/exp1/results/same-chiplet-4avg-20260325T0308Z/raw/free-cores__same-chiplet__bfs__cores-18-19-20__r2__perf.timehist.log,"18,19,20,118"
free-cores,same-chiplet,bfs,cores-18-19-20,"OMP_PLACES={18},{19},{20}",3,3,0.013280,recorded,/home/seunghyun/exp3/exp1/results/same-chiplet-4avg-20260325T0308Z/raw/free-cores__same-chiplet__bfs__cores-18-19-20__r3__perf.timehist.log,"18,19,20,118"
free-cores,same-chiplet,bfs,cores-18-19-20,"OMP_PLACES={18},{19},{20}",3,4,0.013150,recorded,/home/seunghyun/exp3/exp1/results/same-chiplet-4avg-20260325T0308Z/raw/free-cores__same-chiplet__bfs__cores-18-19-20__r4__perf.timehist.log,"18,19,20,118"
free-cores,same-chiplet,bfs,cores-18-19-20,"OMP_PLACES={18},{19},{20}",3,5,0.013230,recorded,/home/seunghyun/exp3/exp1/results/same-chiplet-4avg-20260325T0308Z/raw/free-cores__same-chiplet__bfs__cores-18-19-20__r5__perf.timehist.log,"18,19,20,34"
free-cores,same-chiplet,bfs,cores-25-26-27,"OMP_PLACES={25},{26},{27}",3,1,0.023460,recorded,/home/seunghyun/exp3/exp1/results/same-chiplet-4avg-20260325T0308Z/raw/free-cores__same-chiplet__bfs__cores-25-26-27__r1__perf.timehist.log,"25,26,27,118"
free-cores,same-chiplet,bfs,cores-25-26-27,"OMP_PLACES={25},{26},{27}",3,2,0.021860,recorded,/home/seunghyun/exp3/exp1/results/same-chiplet-4avg-20260325T0308Z/raw/free-cores__same-chiplet__bfs__cores-25-26-27__r2__perf.timehist.log,"25,26,27,34,118"
free-cores,same-chiplet,bfs,cores-25-26-27,"OMP_PLACES={25},{26},{27}",3,3,0.023910,recorded,/home/seunghyun/exp3/exp1/results/same-chiplet-4avg-20260325T0308Z/raw/free-cores__same-chiplet__bfs__cores-25-26-27__r3__perf.timehist.log,"25,26,27,34"
free-cores,same-chiplet,bfs,cores-25-26-27,"OMP_PLACES={25},{26},{27}",3,4,0.022330,recorded,/home/seunghyun/exp3/exp1/results/same-chiplet-4avg-20260325T0308Z/raw/free-cores__same-chiplet__bfs__cores-25-26-27__r4__perf.timehist.log,"25,26,27,118"
free-cores,same-chiplet,bfs,cores-25-26-27,"OMP_PLACES={25},{26},{27}",3,5,0.023770,recorded,/home/seunghyun/exp3/exp1/results/same-chiplet-4avg-20260325T0308Z/raw/free-cores__same-chiplet__bfs__cores-25-26-27__r5__perf.timehist.log,"25,26,27,118"
free-cores,same-chiplet,bfs,cores-4-5-6,"OMP_PLACES={4},{5},{6}",3,1,0.012620,recorded,/home/seunghyun/exp3/exp1/results/same-chiplet-4avg-20260325T0308Z/raw/free-cores__same-chiplet__bfs__cores-4-5-6__r1__perf.timehist.log,"4,5,6,118"
free-cores,same-chiplet,bfs,cores-4-5-6,"OMP_PLACES={4},{5},{6}",3,2,0.012650,recorded,/home/seunghyun/exp3/exp1/results/same-chiplet-4avg-20260325T0308Z/raw/free-cores__same-chiplet__bfs__cores-4-5-6__r2__perf.timehist.log,"4,5,6,118"
free-cores,same-chiplet,bfs,cores-4-5-6,"OMP_PLACES={4},{5},{6}",3,3,0.012460,recorded,/home/seunghyun/exp3/exp1/results/same-chiplet-4avg-20260325T0308Z/raw/free-cores__same-chiplet__bfs__cores-4-5-6__r3__perf.timehist.log,"4,5,6,118"
free-cores,same-chiplet,bfs,cores-4-5-6,"OMP_PLACES={4},{5},{6}",3,4,0.012500,recorded,/home/seunghyun/exp3/exp1/results/same-chiplet-4avg-20260325T0308Z/raw/free-cores__same-chiplet__bfs__cores-4-5-6__r4__perf.timehist.log,"4,5,6,34"
free-cores,same-chiplet,bfs,cores-4-5-6,"OMP_PLACES={4},{5},{6}",3,5,0.012310,recorded,/home/seunghyun/exp3/exp1/results/same-chiplet-4avg-20260325T0308Z/raw/free-cores__same-chiplet__bfs__cores-4-5-6__r5__perf.timehist.log,"4,5,6,118"
free-cores,eevdf,cc,,,3,1,0.041410,recorded,/home/seunghyun/exp3/exp1/results/full-run-k20-sudo-perf/raw/free-cores__eevdf__cc__r1__perf.timehist.log,"4,20,27"
free-cores,eevdf,cc,,,3,2,0.040380,recorded,/home/seunghyun/exp3/exp1/results/full-run-k20-sudo-perf/raw/free-cores__eevdf__cc__r2__perf.timehist.log,"4,20,25"
free-cores,eevdf,cc,,,3,3,0.041310,recorded,/home/seunghyun/exp3/exp1/results/full-run-k20-sudo-perf/raw/free-cores__eevdf__cc__r3__perf.timehist.log,"4,20,27"
free-cores,eevdf,cc,,,3,4,0.042790,recorded,/home/seunghyun/exp3/exp1/results/full-run-k20-sudo-perf/raw/free-cores__eevdf__cc__r4__perf.timehist.log,"4,20,27"
free-cores,eevdf,cc,,,3,5,0.041350,recorded,/home/seunghyun/exp3/exp1/results/full-run-k20-sudo-perf/raw/free-cores__eevdf__cc__r5__perf.timehist.log,"4,6,20,27"
free-cores,optimal,cc,,,3,1,0.029210,recorded,/home/seunghyun/exp3/exp1/results/full-run-k20-sudo-perf/raw/free-cores__optimal__cc__r1__perf.timehist.log,"4,5,6,132"
free-cores,optimal,cc,,,3,2,0.028980,recorded,/home/seunghyun/exp3/exp1/results/full-run-k20-sudo-perf/raw/free-cores__optimal__cc__r2__perf.timehist.log,"4,5,6,125"
free-cores,optimal,cc,,,3,3,0.028360,recorded,/home/seunghyun/exp3/exp1/results/full-run-k20-sudo-perf/raw/free-cores__optimal__cc__r3__perf.timehist.log,"4,5,6,125"
free-cores,optimal,cc,,,3,4,0.030160,recorded,/home/seunghyun/exp3/exp1/results/full-run-k20-sudo-perf/raw/free-cores__optimal__cc__r4__perf.timehist.log,"4,5,6,118"
free-cores,optimal,cc,,,3,5,0.030640,recorded,/home/seunghyun/exp3/exp1/results/full-run-k20-sudo-perf/raw/free-cores__optimal__cc__r5__perf.timehist.log,"4,5,6,118"
free-cores,same-chiplet,cc,cores-11-12-13,"OMP_PLACES={11},{12},{13}",3,1,0.030440,recorded,/home/seunghyun/exp3/exp1/results/same-chiplet-4avg-20260325T0308Z/raw/free-cores__same-chiplet__cc__cores-11-12-13__r1__perf.timehist.log,"11,12,13,112"
free-cores,same-chiplet,cc,cores-11-12-13,"OMP_PLACES={11},{12},{13}",3,2,0.031600,recorded,/home/seunghyun/exp3/exp1/results/same-chiplet-4avg-20260325T0308Z/raw/free-cores__same-chiplet__cc__cores-11-12-13__r2__perf.timehist.log,"11,12,13,125"
free-cores,same-chiplet,cc,cores-11-12-13,"OMP_PLACES={11},{12},{13}",3,3,0.030840,recorded,/home/seunghyun/exp3/exp1/results/same-chiplet-4avg-20260325T0308Z/raw/free-cores__same-chiplet__cc__cores-11-12-13__r3__perf.timehist.log,"11,12,13,125"
free-cores,same-chiplet,cc,cores-11-12-13,"OMP_PLACES={11},{12},{13}",3,4,0.030850,recorded,/home/seunghyun/exp3/exp1/results/same-chiplet-4avg-20260325T0308Z/raw/free-cores__same-chiplet__cc__cores-11-12-13__r4__perf.timehist.log,"11,12,13,118"
free-cores,same-chiplet,cc,cores-11-12-13,"OMP_PLACES={11},{12},{13}",3,5,0.029620,recorded,/home/seunghyun/exp3/exp1/results/same-chiplet-4avg-20260325T0308Z/raw/free-cores__same-chiplet__cc__cores-11-12-13__r5__perf.timehist.log,"11,12,13,118"
free-cores,same-chiplet,cc,cores-18-19-20,"OMP_PLACES={18},{19},{20}",3,1,0.030800,recorded,/home/seunghyun/exp3/exp1/results/same-chiplet-4avg-20260325T0308Z/raw/free-cores__same-chiplet__cc__cores-18-19-20__r1__perf.timehist.log,"18,19,20,118"
free-cores,same-chiplet,cc,cores-18-19-20,"OMP_PLACES={18},{19},{20}",3,2,0.032560,recorded,/home/seunghyun/exp3/exp1/results/same-chiplet-4avg-20260325T0308Z/raw/free-cores__same-chiplet__cc__cores-18-19-20__r2__perf.timehist.log,"18,19,20,118"
free-cores,same-chiplet,cc,cores-18-19-20,"OMP_PLACES={18},{19},{20}",3,3,0.031280,recorded,/home/seunghyun/exp3/exp1/results/same-chiplet-4avg-20260325T0308Z/raw/free-cores__same-chiplet__cc__cores-18-19-20__r3__perf.timehist.log,"18,19,20,125"
free-cores,same-chiplet,cc,cores-18-19-20,"OMP_PLACES={18},{19},{20}",3,4,0.031990,recorded,/home/seunghyun/exp3/exp1/results/same-chiplet-4avg-20260325T0308Z/raw/free-cores__same-chiplet__cc__cores-18-19-20__r4__perf.timehist.log,"18,19,20,125"
free-cores,same-chiplet,cc,cores-18-19-20,"OMP_PLACES={18},{19},{20}",3,5,0.031080,recorded,/home/seunghyun/exp3/exp1/results/same-chiplet-4avg-20260325T0308Z/raw/free-cores__same-chiplet__cc__cores-18-19-20__r5__perf.timehist.log,"18,19,20,112"
free-cores,same-chiplet,cc,cores-25-26-27,"OMP_PLACES={25},{26},{27}",3,1,0.058240,recorded,/home/seunghyun/exp3/exp1/results/same-chiplet-4avg-20260325T0308Z/raw/free-cores__same-chiplet__cc__cores-25-26-27__r1__perf.timehist.log,"25,26,27,118"
free-cores,same-chiplet,cc,cores-25-26-27,"OMP_PLACES={25},{26},{27}",3,2,0.054680,recorded,/home/seunghyun/exp3/exp1/results/same-chiplet-4avg-20260325T0308Z/raw/free-cores__same-chiplet__cc__cores-25-26-27__r2__perf.timehist.log,"25,26,27,118"
free-cores,same-chiplet,cc,cores-25-26-27,"OMP_PLACES={25},{26},{27}",3,3,0.055510,recorded,/home/seunghyun/exp3/exp1/results/same-chiplet-4avg-20260325T0308Z/raw/free-cores__same-chiplet__cc__cores-25-26-27__r3__perf.timehist.log,"25,26,27,118"
free-cores,same-chiplet,cc,cores-25-26-27,"OMP_PLACES={25},{26},{27}",3,4,0.058550,recorded,/home/seunghyun/exp3/exp1/results/same-chiplet-4avg-20260325T0308Z/raw/free-cores__same-chiplet__cc__cores-25-26-27__r4__perf.timehist.log,"25,26,27,118"
free-cores,same-chiplet,cc,cores-25-26-27,"OMP_PLACES={25},{26},{27}",3,5,0.058160,recorded,/home/seunghyun/exp3/exp1/results/same-chiplet-4avg-20260325T0308Z/raw/free-cores__same-chiplet__cc__cores-25-26-27__r5__perf.timehist.log,"25,26,27,118"
free-cores,same-chiplet,cc,cores-4-5-6,"OMP_PLACES={4},{5},{6}",3,1,0.029880,recorded,/home/seunghyun/exp3/exp1/results/same-chiplet-4avg-20260325T0308Z/raw/free-cores__same-chiplet__cc__cores-4-5-6__r1__perf.timehist.log,"4,5,6,118"
free-cores,same-chiplet,cc,cores-4-5-6,"OMP_PLACES={4},{5},{6}",3,2,0.029320,recorded,/home/seunghyun/exp3/exp1/results/same-chiplet-4avg-20260325T0308Z/raw/free-cores__same-chiplet__cc__cores-4-5-6__r2__perf.timehist.log,"4,5,6,118"
free-cores,same-chiplet,cc,cores-4-5-6,"OMP_PLACES={4},{5},{6}",3,3,0.028740,recorded,/home/seunghyun/exp3/exp1/results/same-chiplet-4avg-20260325T0308Z/raw/free-cores__same-chiplet__cc__cores-4-5-6__r3__perf.timehist.log,"4,5,6,118"
free-cores,same-chiplet,cc,cores-4-5-6,"OMP_PLACES={4},{5},{6}",3,4,0.030240,recorded,/home/seunghyun/exp3/exp1/results/same-chiplet-4avg-20260325T0308Z/raw/free-cores__same-chiplet__cc__cores-4-5-6__r4__perf.timehist.log,"4,5,6,118"
free-cores,same-chiplet,cc,cores-4-5-6,"OMP_PLACES={4},{5},{6}",3,5,0.028860,recorded,/home/seunghyun/exp3/exp1/results/same-chiplet-4avg-20260325T0308Z/raw/free-cores__same-chiplet__cc__cores-4-5-6__r5__perf.timehist.log,"4,5,6,118"
free-cores,eevdf,pr,,,3,1,0.171600,recorded,/home/seunghyun/exp3/exp1/results/full-run-k20-sudo-perf/raw/free-cores__eevdf__pr__r1__perf.timehist.log,"4,12,20"
free-cores,eevdf,pr,,,3,2,0.172390,recorded,/home/seunghyun/exp3/exp1/results/full-run-k20-sudo-perf/raw/free-cores__eevdf__pr__r2__perf.timehist.log,"4,12,20"
free-cores,eevdf,pr,,,3,3,0.189410,recorded,/home/seunghyun/exp3/exp1/results/full-run-k20-sudo-perf/raw/free-cores__eevdf__pr__r3__perf.timehist.log,"4,12,13,20"
free-cores,eevdf,pr,,,3,4,0.176610,recorded,/home/seunghyun/exp3/exp1/results/full-run-k20-sudo-perf/raw/free-cores__eevdf__pr__r4__perf.timehist.log,"4,13,20"
free-cores,eevdf,pr,,,3,5,0.204930,recorded,/home/seunghyun/exp3/exp1/results/full-run-k20-sudo-perf/raw/free-cores__eevdf__pr__r5__perf.timehist.log,"4,13,20"
free-cores,optimal,pr,,,3,1,0.152480,recorded,/home/seunghyun/exp3/exp1/results/full-run-k20-sudo-perf/raw/free-cores__optimal__pr__r1__perf.timehist.log,"4,5,6,125"
free-cores,optimal,pr,,,3,2,0.151940,recorded,/home/seunghyun/exp3/exp1/results/full-run-k20-sudo-perf/raw/free-cores__optimal__pr__r2__perf.timehist.log,"4,5,6,118"
free-cores,optimal,pr,,,3,3,0.152750,recorded,/home/seunghyun/exp3/exp1/results/full-run-k20-sudo-perf/raw/free-cores__optimal__pr__r3__perf.timehist.log,"4,5,6,118"
free-cores,optimal,pr,,,3,4,0.152010,recorded,/home/seunghyun/exp3/exp1/results/full-run-k20-sudo-perf/raw/free-cores__optimal__pr__r4__perf.timehist.log,"4,5,6,118"
free-cores,optimal,pr,,,3,5,0.151890,recorded,/home/seunghyun/exp3/exp1/results/full-run-k20-sudo-perf/raw/free-cores__optimal__pr__r5__perf.timehist.log,"4,5,6,117"
free-cores,same-chiplet,pr,cores-11-12-13,"OMP_PLACES={11},{12},{13}",3,1,0.152580,recorded,/home/seunghyun/exp3/exp1/results/same-chiplet-4avg-20260325T0308Z/raw/free-cores__same-chiplet__pr__cores-11-12-13__r1__perf.timehist.log,"11,12,13,118"
free-cores,same-chiplet,pr,cores-11-12-13,"OMP_PLACES={11},{12},{13}",3,2,0.154400,recorded,/home/seunghyun/exp3/exp1/results/same-chiplet-4avg-20260325T0308Z/raw/free-cores__same-chiplet__pr__cores-11-12-13__r2__perf.timehist.log,"11,12,13,118"
free-cores,same-chiplet,pr,cores-11-12-13,"OMP_PLACES={11},{12},{13}",3,3,0.152730,recorded,/home/seunghyun/exp3/exp1/results/same-chiplet-4avg-20260325T0308Z/raw/free-cores__same-chiplet__pr__cores-11-12-13__r3__perf.timehist.log,"11,12,13,118"
free-cores,same-chiplet,pr,cores-11-12-13,"OMP_PLACES={11},{12},{13}",3,4,0.154700,recorded,/home/seunghyun/exp3/exp1/results/same-chiplet-4avg-20260325T0308Z/raw/free-cores__same-chiplet__pr__cores-11-12-13__r4__perf.timehist.log,"11,12,13,118"
free-cores,same-chiplet,pr,cores-11-12-13,"OMP_PLACES={11},{12},{13}",3,5,0.152880,recorded,/home/seunghyun/exp3/exp1/results/same-chiplet-4avg-20260325T0308Z/raw/free-cores__same-chiplet__pr__cores-11-12-13__r5__perf.timehist.log,"11,12,13,34"
free-cores,same-chiplet,pr,cores-18-19-20,"OMP_PLACES={18},{19},{20}",3,1,0.156730,recorded,/home/seunghyun/exp3/exp1/results/same-chiplet-4avg-20260325T0308Z/raw/free-cores__same-chiplet__pr__cores-18-19-20__r1__perf.timehist.log,"18,19,20,118"
free-cores,same-chiplet,pr,cores-18-19-20,"OMP_PLACES={18},{19},{20}",3,2,0.159160,recorded,/home/seunghyun/exp3/exp1/results/same-chiplet-4avg-20260325T0308Z/raw/free-cores__same-chiplet__pr__cores-18-19-20__r2__perf.timehist.log,"18,19,20,118"
free-cores,same-chiplet,pr,cores-18-19-20,"OMP_PLACES={18},{19},{20}",3,3,0.157920,recorded,/home/seunghyun/exp3/exp1/results/same-chiplet-4avg-20260325T0308Z/raw/free-cores__same-chiplet__pr__cores-18-19-20__r3__perf.timehist.log,"18,19,20,118"
free-cores,same-chiplet,pr,cores-18-19-20,"OMP_PLACES={18},{19},{20}",3,4,0.157760,recorded,/home/seunghyun/exp3/exp1/results/same-chiplet-4avg-20260325T0308Z/raw/free-cores__same-chiplet__pr__cores-18-19-20__r4__perf.timehist.log,"18,19,20,118"
free-cores,same-chiplet,pr,cores-18-19-20,"OMP_PLACES={18},{19},{20}",3,5,0.157790,recorded,/home/seunghyun/exp3/exp1/results/same-chiplet-4avg-20260325T0308Z/raw/free-cores__same-chiplet__pr__cores-18-19-20__r5__perf.timehist.log,"18,19,20,125"
free-cores,same-chiplet,pr,cores-25-26-27,"OMP_PLACES={25},{26},{27}",3,1,0.337480,recorded,/home/seunghyun/exp3/exp1/results/same-chiplet-4avg-20260325T0308Z/raw/free-cores__same-chiplet__pr__cores-25-26-27__r1__perf.timehist.log,"25,26,27,34"
free-cores,same-chiplet,pr,cores-25-26-27,"OMP_PLACES={25},{26},{27}",3,2,0.343670,recorded,/home/seunghyun/exp3/exp1/results/same-chiplet-4avg-20260325T0308Z/raw/free-cores__same-chiplet__pr__cores-25-26-27__r2__perf.timehist.log,"25,26,27,118"
free-cores,same-chiplet,pr,cores-25-26-27,"OMP_PLACES={25},{26},{27}",3,3,0.341450,recorded,/home/seunghyun/exp3/exp1/results/same-chiplet-4avg-20260325T0308Z/raw/free-cores__same-chiplet__pr__cores-25-26-27__r3__perf.timehist.log,"25,26,27,118"
free-cores,same-chiplet,pr,cores-25-26-27,"OMP_PLACES={25},{26},{27}",3,4,0.341990,recorded,/home/seunghyun/exp3/exp1/results/same-chiplet-4avg-20260325T0308Z/raw/free-cores__same-chiplet__pr__cores-25-26-27__r4__perf.timehist.log,"25,26,27,118"
free-cores,same-chiplet,pr,cores-25-26-27,"OMP_PLACES={25},{26},{27}",3,5,0.363160,recorded,/home/seunghyun/exp3/exp1/results/same-chiplet-4avg-20260325T0308Z/raw/free-cores__same-chiplet__pr__cores-25-26-27__r5__perf.timehist.log,"25,26,27,118"
free-cores,same-chiplet,pr,cores-4-5-6,"OMP_PLACES={4},{5},{6}",3,1,0.151830,recorded,/home/seunghyun/exp3/exp1/results/same-chiplet-4avg-20260325T0308Z/raw/free-cores__same-chiplet__pr__cores-4-5-6__r1__perf.timehist.log,"4,5,6,118"
free-cores,same-chiplet,pr,cores-4-5-6,"OMP_PLACES={4},{5},{6}",3,2,0.152340,recorded,/home/seunghyun/exp3/exp1/results/same-chiplet-4avg-20260325T0308Z/raw/free-cores__same-chiplet__pr__cores-4-5-6__r2__perf.timehist.log,"4,5,6,118"
free-cores,same-chiplet,pr,cores-4-5-6,"OMP_PLACES={4},{5},{6}",3,3,0.151620,recorded,/home/seunghyun/exp3/exp1/results/same-chiplet-4avg-20260325T0308Z/raw/free-cores__same-chiplet__pr__cores-4-5-6__r3__perf.timehist.log,"4,5,6,118"
free-cores,same-chiplet,pr,cores-4-5-6,"OMP_PLACES={4},{5},{6}",3,4,0.151360,recorded,/home/seunghyun/exp3/exp1/results/same-chiplet-4avg-20260325T0308Z/raw/free-cores__same-chiplet__pr__cores-4-5-6__r4__perf.timehist.log,"4,5,6,118"
free-cores,same-chiplet,pr,cores-4-5-6,"OMP_PLACES={4},{5},{6}",3,5,0.151600,recorded,/home/seunghyun/exp3/exp1/results/same-chiplet-4avg-20260325T0308Z/raw/free-cores__same-chiplet__pr__cores-4-5-6__r5__perf.timehist.log,"4,5,6,118"
