noise_nthreads	noise_config_file	noise_stdout_log	noise_stderr_log	noise_latency_output	ycsb_bundle_dir	timestamp_utc	host	arch	backend	mode	event_name	perf_scope	size_mb	working_set_mb_per_instance	total_working_set_mb	instance_count	cpu_span	recordcount_per_instance	total_recordcount	operationcount_per_instance	total_operationcount	threads_per_instance	java_active_processor_count_per_instance	fieldcount	fieldlength	approx_value_bytes_per_record	summed_stall_cycles	summed_cycles	summed_instructions	summed_task_clock_ms	summed_instance_throughput_ops_per_sec	group_wall_clock_ms	aggregate_wall_throughput_ops_per_sec	ServerPerfUserTimeMs	ServerPerfKernelTimeMs	ServerPerfCacheRefs	ServerPerfCacheMisses	ServerPerfLLCHitRatio	status	perf_event	workload_file	result_dir
1	/home/seunghyun/ycsb/results/intel_noise_thread_sweep_madracks-snode1_20260313T202101Z_1987773/runs/01t/memory_benchmark.01t.xml	/home/seunghyun/ycsb/results/intel_noise_thread_sweep_madracks-snode1_20260313T202101Z_1987773/runs/01t/memory_benchmark.stdout.log	/home/seunghyun/ycsb/results/intel_noise_thread_sweep_madracks-snode1_20260313T202101Z_1987773/runs/01t/memory_benchmark.stderr.log	/home/seunghyun/ycsb/results/intel_noise_thread_sweep_madracks-snode1_20260313T202101Z_1987773/runs/01t/memory_benchmark.latency.txt	/home/seunghyun/ycsb/results/intel_noise_thread_sweep_madracks-snode1_20260313T202101Z_1987773/runs/01t/ycsb_bundle	2026-03-13T20:21:55Z	madracks-snode1	intel	elasticsearch	embedded	NO_RETIRED_INST_CYCLES	user	128	128	128	1	0-0	8192	8192	10000	10000	1	1	1	16374	16384	8955216800	12343413543	22119611233	4774.710000	2191.060473	4883.287	2047.801000	4340.000000	480.000000	126907461	31431781	0.741218	ok	cpu/event=0xc0,cmask=1,inv=1/	/home/seunghyun/ycsb/workloads/working_set_128mb.properties	/home/seunghyun/ycsb/results/intel_elasticsearch_multi_instance_madracks-snode1_20260313T202104Z_1987797
2	/home/seunghyun/ycsb/results/intel_noise_thread_sweep_madracks-snode1_20260313T202101Z_1987773/runs/02t/memory_benchmark.02t.xml	/home/seunghyun/ycsb/results/intel_noise_thread_sweep_madracks-snode1_20260313T202101Z_1987773/runs/02t/memory_benchmark.stdout.log	/home/seunghyun/ycsb/results/intel_noise_thread_sweep_madracks-snode1_20260313T202101Z_1987773/runs/02t/memory_benchmark.stderr.log	/home/seunghyun/ycsb/results/intel_noise_thread_sweep_madracks-snode1_20260313T202101Z_1987773/runs/02t/memory_benchmark.latency.txt	/home/seunghyun/ycsb/results/intel_noise_thread_sweep_madracks-snode1_20260313T202101Z_1987773/runs/02t/ycsb_bundle	2026-03-13T20:22:48Z	madracks-snode1	intel	elasticsearch	embedded	NO_RETIRED_INST_CYCLES	user	128	128	128	1	0-0	8192	8192	10000	10000	1	1	1	16374	16384	9189605994	12648756116	22410628882	4886.320000	2151.462995	5000.857	1999.657259	4490.000000	440.000000	130295812	34676625	0.724240	ok	cpu/event=0xc0,cmask=1,inv=1/	/home/seunghyun/ycsb/workloads/working_set_128mb.properties	/home/seunghyun/ycsb/results/intel_elasticsearch_multi_instance_madracks-snode1_20260313T202157Z_1988039
3	/home/seunghyun/ycsb/results/intel_noise_thread_sweep_madracks-snode1_20260313T202101Z_1987773/runs/03t/memory_benchmark.03t.xml	/home/seunghyun/ycsb/results/intel_noise_thread_sweep_madracks-snode1_20260313T202101Z_1987773/runs/03t/memory_benchmark.stdout.log	/home/seunghyun/ycsb/results/intel_noise_thread_sweep_madracks-snode1_20260313T202101Z_1987773/runs/03t/memory_benchmark.stderr.log	/home/seunghyun/ycsb/results/intel_noise_thread_sweep_madracks-snode1_20260313T202101Z_1987773/runs/03t/memory_benchmark.latency.txt	/home/seunghyun/ycsb/results/intel_noise_thread_sweep_madracks-snode1_20260313T202101Z_1987773/runs/03t/ycsb_bundle	2026-03-13T20:23:43Z	madracks-snode1	intel	elasticsearch	embedded	NO_RETIRED_INST_CYCLES	user	128	128	128	1	0-0	8192	8192	10000	10000	1	1	1	16374	16384	9306447926	12738417320	22200287948	4916.690000	2129.925453	5035.884	1985.748679	4520.000000	440.000000	130893288	34939747	0.722798	ok	cpu/event=0xc0,cmask=1,inv=1/	/home/seunghyun/ycsb/workloads/working_set_128mb.properties	/home/seunghyun/ycsb/results/intel_elasticsearch_multi_instance_madracks-snode1_20260313T202250Z_1988287
4	/home/seunghyun/ycsb/results/intel_noise_thread_sweep_madracks-snode1_20260313T202101Z_1987773/runs/04t/memory_benchmark.04t.xml	/home/seunghyun/ycsb/results/intel_noise_thread_sweep_madracks-snode1_20260313T202101Z_1987773/runs/04t/memory_benchmark.stdout.log	/home/seunghyun/ycsb/results/intel_noise_thread_sweep_madracks-snode1_20260313T202101Z_1987773/runs/04t/memory_benchmark.stderr.log	/home/seunghyun/ycsb/results/intel_noise_thread_sweep_madracks-snode1_20260313T202101Z_1987773/runs/04t/memory_benchmark.latency.txt	/home/seunghyun/ycsb/results/intel_noise_thread_sweep_madracks-snode1_20260313T202101Z_1987773/runs/04t/ycsb_bundle	2026-03-13T20:24:37Z	madracks-snode1	intel	elasticsearch	embedded	NO_RETIRED_INST_CYCLES	user	128	128	128	1	0-0	8192	8192	10000	10000	1	1	1	16374	16384	9273340605	12779793513	22797156386	4930.430000	2138.122728	5028.187	1988.788404	4540.000000	440.000000	133957681	36418901	0.720396	ok	cpu/event=0xc0,cmask=1,inv=1/	/home/seunghyun/ycsb/workloads/working_set_128mb.properties	/home/seunghyun/ycsb/results/intel_elasticsearch_multi_instance_madracks-snode1_20260313T202345Z_1988534
5	/home/seunghyun/ycsb/results/intel_noise_thread_sweep_madracks-snode1_20260313T202101Z_1987773/runs/05t/memory_benchmark.05t.xml	/home/seunghyun/ycsb/results/intel_noise_thread_sweep_madracks-snode1_20260313T202101Z_1987773/runs/05t/memory_benchmark.stdout.log	/home/seunghyun/ycsb/results/intel_noise_thread_sweep_madracks-snode1_20260313T202101Z_1987773/runs/05t/memory_benchmark.stderr.log	/home/seunghyun/ycsb/results/intel_noise_thread_sweep_madracks-snode1_20260313T202101Z_1987773/runs/05t/memory_benchmark.latency.txt	/home/seunghyun/ycsb/results/intel_noise_thread_sweep_madracks-snode1_20260313T202101Z_1987773/runs/05t/ycsb_bundle	2026-03-13T20:25:32Z	madracks-snode1	intel	elasticsearch	embedded	NO_RETIRED_INST_CYCLES	user	128	128	128	1	0-0	8192	8192	10000	10000	1	1	1	16374	16384	9119313045	12497304450	21931729434	4830.330000	2175.331738	4950.225	2020.110197	4440.000000	430.000000	129038905	36637230	0.701722	ok	cpu/event=0xc0,cmask=1,inv=1/	/home/seunghyun/ycsb/workloads/working_set_128mb.properties	/home/seunghyun/ycsb/results/intel_elasticsearch_multi_instance_madracks-snode1_20260313T202439Z_1988774
6	/home/seunghyun/ycsb/results/intel_noise_thread_sweep_madracks-snode1_20260313T202101Z_1987773/runs/06t/memory_benchmark.06t.xml	/home/seunghyun/ycsb/results/intel_noise_thread_sweep_madracks-snode1_20260313T202101Z_1987773/runs/06t/memory_benchmark.stdout.log	/home/seunghyun/ycsb/results/intel_noise_thread_sweep_madracks-snode1_20260313T202101Z_1987773/runs/06t/memory_benchmark.stderr.log	/home/seunghyun/ycsb/results/intel_noise_thread_sweep_madracks-snode1_20260313T202101Z_1987773/runs/06t/memory_benchmark.latency.txt	/home/seunghyun/ycsb/results/intel_noise_thread_sweep_madracks-snode1_20260313T202101Z_1987773/runs/06t/ycsb_bundle	2026-03-13T20:26:28Z	madracks-snode1	intel	elasticsearch	embedded	NO_RETIRED_INST_CYCLES	user	128	128	128	1	0-0	8192	8192	10000	10000	1	1	1	16374	16384	8983787433	12299393873	21636089195	4770.250000	2196.354052	4903.571	2039.330113	4320.000000	490.000000	125455651	36810421	0.691186	ok	cpu/event=0xc0,cmask=1,inv=1/	/home/seunghyun/ycsb/workloads/working_set_128mb.properties	/home/seunghyun/ycsb/results/intel_elasticsearch_multi_instance_madracks-snode1_20260313T202534Z_1989022
7	/home/seunghyun/ycsb/results/intel_noise_thread_sweep_madracks-snode1_20260313T202101Z_1987773/runs/07t/memory_benchmark.07t.xml	/home/seunghyun/ycsb/results/intel_noise_thread_sweep_madracks-snode1_20260313T202101Z_1987773/runs/07t/memory_benchmark.stdout.log	/home/seunghyun/ycsb/results/intel_noise_thread_sweep_madracks-snode1_20260313T202101Z_1987773/runs/07t/memory_benchmark.stderr.log	/home/seunghyun/ycsb/results/intel_noise_thread_sweep_madracks-snode1_20260313T202101Z_1987773/runs/07t/memory_benchmark.latency.txt	/home/seunghyun/ycsb/results/intel_noise_thread_sweep_madracks-snode1_20260313T202101Z_1987773/runs/07t/ycsb_bundle	2026-03-13T20:27:23Z	madracks-snode1	intel	elasticsearch	embedded	NO_RETIRED_INST_CYCLES	user	128	128	128	1	0-0	8192	8192	10000	10000	1	1	1	16374	16384	9520663657	13031051867	22991672425	5032.920000	2072.538860	5173.615	1932.884453	4640.000000	440.000000	136095780	39947352	0.695491	ok	cpu/event=0xc0,cmask=1,inv=1/	/home/seunghyun/ycsb/workloads/working_set_128mb.properties	/home/seunghyun/ycsb/results/intel_elasticsearch_multi_instance_madracks-snode1_20260313T202630Z_1989263
8	/home/seunghyun/ycsb/results/intel_noise_thread_sweep_madracks-snode1_20260313T202101Z_1987773/runs/08t/memory_benchmark.08t.xml	/home/seunghyun/ycsb/results/intel_noise_thread_sweep_madracks-snode1_20260313T202101Z_1987773/runs/08t/memory_benchmark.stdout.log	/home/seunghyun/ycsb/results/intel_noise_thread_sweep_madracks-snode1_20260313T202101Z_1987773/runs/08t/memory_benchmark.stderr.log	/home/seunghyun/ycsb/results/intel_noise_thread_sweep_madracks-snode1_20260313T202101Z_1987773/runs/08t/memory_benchmark.latency.txt	/home/seunghyun/ycsb/results/intel_noise_thread_sweep_madracks-snode1_20260313T202101Z_1987773/runs/08t/ycsb_bundle	2026-03-13T20:28:20Z	madracks-snode1	intel	elasticsearch	embedded	NO_RETIRED_INST_CYCLES	user	128	128	128	1	0-0	8192	8192	10000	10000	1	1	1	16374	16384	9363237436	12767872986	22170634852	4945.620000	2122.691573	5070.189	1972.313064	4590.000000	400.000000	130278365	38234896	0.689163	ok	cpu/event=0xc0,cmask=1,inv=1/	/home/seunghyun/ycsb/workloads/working_set_128mb.properties	/home/seunghyun/ycsb/results/intel_elasticsearch_multi_instance_madracks-snode1_20260313T202726Z_1989527
9	/home/seunghyun/ycsb/results/intel_noise_thread_sweep_madracks-snode1_20260313T202101Z_1987773/runs/09t/memory_benchmark.09t.xml	/home/seunghyun/ycsb/results/intel_noise_thread_sweep_madracks-snode1_20260313T202101Z_1987773/runs/09t/memory_benchmark.stdout.log	/home/seunghyun/ycsb/results/intel_noise_thread_sweep_madracks-snode1_20260313T202101Z_1987773/runs/09t/memory_benchmark.stderr.log	/home/seunghyun/ycsb/results/intel_noise_thread_sweep_madracks-snode1_20260313T202101Z_1987773/runs/09t/memory_benchmark.latency.txt	/home/seunghyun/ycsb/results/intel_noise_thread_sweep_madracks-snode1_20260313T202101Z_1987773/runs/09t/ycsb_bundle	2026-03-13T20:29:16Z	madracks-snode1	intel	elasticsearch	embedded	NO_RETIRED_INST_CYCLES	user	128	128	128	1	0-0	8192	8192	10000	10000	1	1	1	16374	16384	9347197629	12775036239	22406610430	4949.320000	2112.378538	5082.848	1967.400953	4550.000000	450.000000	132049378	39083948	0.688647	ok	cpu/event=0xc0,cmask=1,inv=1/	/home/seunghyun/ycsb/workloads/working_set_128mb.properties	/home/seunghyun/ycsb/results/intel_elasticsearch_multi_instance_madracks-snode1_20260313T202822Z_1989781
10	/home/seunghyun/ycsb/results/intel_noise_thread_sweep_madracks-snode1_20260313T202101Z_1987773/runs/10t/memory_benchmark.10t.xml	/home/seunghyun/ycsb/results/intel_noise_thread_sweep_madracks-snode1_20260313T202101Z_1987773/runs/10t/memory_benchmark.stdout.log	/home/seunghyun/ycsb/results/intel_noise_thread_sweep_madracks-snode1_20260313T202101Z_1987773/runs/10t/memory_benchmark.stderr.log	/home/seunghyun/ycsb/results/intel_noise_thread_sweep_madracks-snode1_20260313T202101Z_1987773/runs/10t/memory_benchmark.latency.txt	/home/seunghyun/ycsb/results/intel_noise_thread_sweep_madracks-snode1_20260313T202101Z_1987773/runs/10t/ycsb_bundle	2026-03-13T20:30:15Z	madracks-snode1	intel	elasticsearch	embedded	NO_RETIRED_INST_CYCLES	user	128	128	128	1	0-0	8192	8192	10000	10000	1	1	1	16374	16384	9525182979	12983326612	22504568570	5031.370000	2075.980901	5167.483	1935.178113	4600.000000	470.000000	132261893	39689727	0.686961	ok	cpu/event=0xc0,cmask=1,inv=1/	/home/seunghyun/ycsb/workloads/working_set_128mb.properties	/home/seunghyun/ycsb/results/intel_elasticsearch_multi_instance_madracks-snode1_20260313T202919Z_1990027
11	/home/seunghyun/ycsb/results/intel_noise_thread_sweep_madracks-snode1_20260313T202101Z_1987773/runs/11t/memory_benchmark.11t.xml	/home/seunghyun/ycsb/results/intel_noise_thread_sweep_madracks-snode1_20260313T202101Z_1987773/runs/11t/memory_benchmark.stdout.log	/home/seunghyun/ycsb/results/intel_noise_thread_sweep_madracks-snode1_20260313T202101Z_1987773/runs/11t/memory_benchmark.stderr.log	/home/seunghyun/ycsb/results/intel_noise_thread_sweep_madracks-snode1_20260313T202101Z_1987773/runs/11t/memory_benchmark.latency.txt	/home/seunghyun/ycsb/results/intel_noise_thread_sweep_madracks-snode1_20260313T202101Z_1987773/runs/11t/ycsb_bundle	2026-03-13T20:31:14Z	madracks-snode1	intel	elasticsearch	embedded	NO_RETIRED_INST_CYCLES	user	128	128	128	1	0-0	8192	8192	10000	10000	1	1	1	16374	16384	9411015238	12771367726	21734968931	4954.480000	2108.814846	5091.980	1963.872600	4510.000000	490.000000	129693189	38570935	0.685924	ok	cpu/event=0xc0,cmask=1,inv=1/	/home/seunghyun/ycsb/workloads/working_set_128mb.properties	/home/seunghyun/ycsb/results/intel_elasticsearch_multi_instance_madracks-snode1_20260313T203017Z_1990282
12	/home/seunghyun/ycsb/results/intel_noise_thread_sweep_madracks-snode1_20260313T202101Z_1987773/runs/12t/memory_benchmark.12t.xml	/home/seunghyun/ycsb/results/intel_noise_thread_sweep_madracks-snode1_20260313T202101Z_1987773/runs/12t/memory_benchmark.stdout.log	/home/seunghyun/ycsb/results/intel_noise_thread_sweep_madracks-snode1_20260313T202101Z_1987773/runs/12t/memory_benchmark.stderr.log	/home/seunghyun/ycsb/results/intel_noise_thread_sweep_madracks-snode1_20260313T202101Z_1987773/runs/12t/memory_benchmark.latency.txt	/home/seunghyun/ycsb/results/intel_noise_thread_sweep_madracks-snode1_20260313T202101Z_1987773/runs/12t/ycsb_bundle	2026-03-13T20:32:14Z	madracks-snode1	intel	elasticsearch	embedded	NO_RETIRED_INST_CYCLES	user	128	128	128	1	0-0	8192	8192	10000	10000	1	1	1	16374	16384	9748825663	13197536779	22358090388	5118.110000	2034.174125	5274.849	1895.788865	4760.000000	410.000000	133269751	40105667	0.678588	ok	cpu/event=0xc0,cmask=1,inv=1/	/home/seunghyun/ycsb/workloads/working_set_128mb.properties	/home/seunghyun/ycsb/results/intel_elasticsearch_multi_instance_madracks-snode1_20260313T203116Z_1990538
13	/home/seunghyun/ycsb/results/intel_noise_thread_sweep_madracks-snode1_20260313T202101Z_1987773/runs/13t/memory_benchmark.13t.xml	/home/seunghyun/ycsb/results/intel_noise_thread_sweep_madracks-snode1_20260313T202101Z_1987773/runs/13t/memory_benchmark.stdout.log	/home/seunghyun/ycsb/results/intel_noise_thread_sweep_madracks-snode1_20260313T202101Z_1987773/runs/13t/memory_benchmark.stderr.log	/home/seunghyun/ycsb/results/intel_noise_thread_sweep_madracks-snode1_20260313T202101Z_1987773/runs/13t/memory_benchmark.latency.txt	/home/seunghyun/ycsb/results/intel_noise_thread_sweep_madracks-snode1_20260313T202101Z_1987773/runs/13t/ycsb_bundle	2026-03-13T20:33:16Z	madracks-snode1	intel	elasticsearch	embedded	NO_RETIRED_INST_CYCLES	user	128	128	128	1	0-0	8192	8192	10000	10000	1	1	1	16374	16384	9943156202	13502762508	23274310359	5239.770000	1986.097319	5393.933	1853.934782	4780.000000	500.000000	134978267	42114868	0.671985	ok	cpu/event=0xc0,cmask=1,inv=1/	/home/seunghyun/ycsb/workloads/working_set_128mb.properties	/home/seunghyun/ycsb/results/intel_elasticsearch_multi_instance_madracks-snode1_20260313T203216Z_1990787
14	/home/seunghyun/ycsb/results/intel_noise_thread_sweep_madracks-snode1_20260313T202101Z_1987773/runs/14t/memory_benchmark.14t.xml	/home/seunghyun/ycsb/results/intel_noise_thread_sweep_madracks-snode1_20260313T202101Z_1987773/runs/14t/memory_benchmark.stdout.log	/home/seunghyun/ycsb/results/intel_noise_thread_sweep_madracks-snode1_20260313T202101Z_1987773/runs/14t/memory_benchmark.stderr.log	/home/seunghyun/ycsb/results/intel_noise_thread_sweep_madracks-snode1_20260313T202101Z_1987773/runs/14t/memory_benchmark.latency.txt	/home/seunghyun/ycsb/results/intel_noise_thread_sweep_madracks-snode1_20260313T202101Z_1987773/runs/14t/ycsb_bundle	2026-03-13T20:34:18Z	madracks-snode1	intel	elasticsearch	embedded	NO_RETIRED_INST_CYCLES	user	128	128	128	1	0-0	8192	8192	10000	10000	1	1	1	16374	16384	9721976839	13126993478	22162108661	5110.100000	2032.107295	5276.183	1895.309545	4700.000000	450.000000	131468774	39945538	0.675449	ok	cpu/event=0xc0,cmask=1,inv=1/	/home/seunghyun/ycsb/workloads/working_set_128mb.properties	/home/seunghyun/ycsb/results/intel_elasticsearch_multi_instance_madracks-snode1_20260313T203318Z_1991046
15	/home/seunghyun/ycsb/results/intel_noise_thread_sweep_madracks-snode1_20260313T202101Z_1987773/runs/15t/memory_benchmark.15t.xml	/home/seunghyun/ycsb/results/intel_noise_thread_sweep_madracks-snode1_20260313T202101Z_1987773/runs/15t/memory_benchmark.stdout.log	/home/seunghyun/ycsb/results/intel_noise_thread_sweep_madracks-snode1_20260313T202101Z_1987773/runs/15t/memory_benchmark.stderr.log	/home/seunghyun/ycsb/results/intel_noise_thread_sweep_madracks-snode1_20260313T202101Z_1987773/runs/15t/memory_benchmark.latency.txt	/home/seunghyun/ycsb/results/intel_noise_thread_sweep_madracks-snode1_20260313T202101Z_1987773/runs/15t/ycsb_bundle	2026-03-13T20:35:22Z	madracks-snode1	intel	elasticsearch	embedded	NO_RETIRED_INST_CYCLES	user	128	128	128	1	0-0	8192	8192	10000	10000	1	1	1	16374	16384	10011729283	13640052253	23597489904	5308.660000	1979.414093	5394.581	1853.712086	4860.000000	490.000000	132183786	40868725	0.668413	ok	cpu/event=0xc0,cmask=1,inv=1/	/home/seunghyun/ycsb/workloads/working_set_128mb.properties	/home/seunghyun/ycsb/results/intel_elasticsearch_multi_instance_madracks-snode1_20260313T203421Z_1991308
16	/home/seunghyun/ycsb/results/intel_noise_thread_sweep_madracks-snode1_20260313T202101Z_1987773/runs/16t/memory_benchmark.16t.xml	/home/seunghyun/ycsb/results/intel_noise_thread_sweep_madracks-snode1_20260313T202101Z_1987773/runs/16t/memory_benchmark.stdout.log	/home/seunghyun/ycsb/results/intel_noise_thread_sweep_madracks-snode1_20260313T202101Z_1987773/runs/16t/memory_benchmark.stderr.log	/home/seunghyun/ycsb/results/intel_noise_thread_sweep_madracks-snode1_20260313T202101Z_1987773/runs/16t/memory_benchmark.latency.txt	/home/seunghyun/ycsb/results/intel_noise_thread_sweep_madracks-snode1_20260313T202101Z_1987773/runs/16t/ycsb_bundle	2026-03-13T20:36:24Z	madracks-snode1	intel	elasticsearch	embedded	NO_RETIRED_INST_CYCLES	user	128	128	128	1	0-0	8192	8192	10000	10000	1	1	1	16374	16384	9936263631	13381650120	22516725882	5221.510000	1989.653800	5397.273	1852.787510	4780.000000	480.000000	132492610	40851603	0.668527	ok	cpu/event=0xc0,cmask=1,inv=1/	/home/seunghyun/ycsb/workloads/working_set_128mb.properties	/home/seunghyun/ycsb/results/intel_elasticsearch_multi_instance_madracks-snode1_20260313T203524Z_1991561
17	/home/seunghyun/ycsb/results/intel_noise_thread_sweep_madracks-snode1_20260313T202101Z_1987773/runs/17t/memory_benchmark.17t.xml	/home/seunghyun/ycsb/results/intel_noise_thread_sweep_madracks-snode1_20260313T202101Z_1987773/runs/17t/memory_benchmark.stdout.log	/home/seunghyun/ycsb/results/intel_noise_thread_sweep_madracks-snode1_20260313T202101Z_1987773/runs/17t/memory_benchmark.stderr.log	/home/seunghyun/ycsb/results/intel_noise_thread_sweep_madracks-snode1_20260313T202101Z_1987773/runs/17t/memory_benchmark.latency.txt	/home/seunghyun/ycsb/results/intel_noise_thread_sweep_madracks-snode1_20260313T202101Z_1987773/runs/17t/ycsb_bundle	2026-03-13T20:37:30Z	madracks-snode1	intel	elasticsearch	embedded	NO_RETIRED_INST_CYCLES	user	128	128	128	1	0-0	8192	8192	10000	10000	1	1	1	16374	16384	10127101484	13640627627	22694483223	5328.480000	1972.775695	5413.574	1847.208517	4810.000000	570.000000	134466431	40939621	0.674165	ok	cpu/event=0xc0,cmask=1,inv=1/	/home/seunghyun/ycsb/workloads/working_set_128mb.properties	/home/seunghyun/ycsb/results/intel_elasticsearch_multi_instance_madracks-snode1_20260313T203627Z_1991823
18	/home/seunghyun/ycsb/results/intel_noise_thread_sweep_madracks-snode1_20260313T202101Z_1987773/runs/18t/memory_benchmark.18t.xml	/home/seunghyun/ycsb/results/intel_noise_thread_sweep_madracks-snode1_20260313T202101Z_1987773/runs/18t/memory_benchmark.stdout.log	/home/seunghyun/ycsb/results/intel_noise_thread_sweep_madracks-snode1_20260313T202101Z_1987773/runs/18t/memory_benchmark.stderr.log	/home/seunghyun/ycsb/results/intel_noise_thread_sweep_madracks-snode1_20260313T202101Z_1987773/runs/18t/memory_benchmark.latency.txt	/home/seunghyun/ycsb/results/intel_noise_thread_sweep_madracks-snode1_20260313T202101Z_1987773/runs/18t/ycsb_bundle	2026-03-13T20:38:35Z	madracks-snode1	intel	elasticsearch	embedded	NO_RETIRED_INST_CYCLES	user	128	128	128	1	0-0	8192	8192	10000	10000	1	1	1	16374	16384	10075421352	13475102291	22101918736	5278.060000	1969.279244	5446.729	1835.964301	4780.000000	540.000000	131486937	39020396	0.683311	ok	cpu/event=0xc0,cmask=1,inv=1/	/home/seunghyun/ycsb/workloads/working_set_128mb.properties	/home/seunghyun/ycsb/results/intel_elasticsearch_multi_instance_madracks-snode1_20260313T203733Z_1992088
19	/home/seunghyun/ycsb/results/intel_noise_thread_sweep_madracks-snode1_20260313T202101Z_1987773/runs/19t/memory_benchmark.19t.xml	/home/seunghyun/ycsb/results/intel_noise_thread_sweep_madracks-snode1_20260313T202101Z_1987773/runs/19t/memory_benchmark.stdout.log	/home/seunghyun/ycsb/results/intel_noise_thread_sweep_madracks-snode1_20260313T202101Z_1987773/runs/19t/memory_benchmark.stderr.log	/home/seunghyun/ycsb/results/intel_noise_thread_sweep_madracks-snode1_20260313T202101Z_1987773/runs/19t/memory_benchmark.latency.txt	/home/seunghyun/ycsb/results/intel_noise_thread_sweep_madracks-snode1_20260313T202101Z_1987773/runs/19t/ycsb_bundle	2026-03-13T20:39:46Z	madracks-snode1	intel	elasticsearch	embedded	NO_RETIRED_INST_CYCLES	user	128	128	128	1	0-0	8192	8192	10000	10000	1	1	1	16374	16384	10604696385	14117722384	22802577271	5522.750000	1871.257485	5703.204	1753.400369	5050.000000	510.000000	126042846	39745828	0.656695	ok	cpu/event=0xc0,cmask=1,inv=1/	/home/seunghyun/ycsb/workloads/working_set_128mb.properties	/home/seunghyun/ycsb/results/intel_elasticsearch_multi_instance_madracks-snode1_20260313T203837Z_1992351
20	/home/seunghyun/ycsb/results/intel_noise_thread_sweep_madracks-snode1_20260313T202101Z_1987773/runs/20t/memory_benchmark.20t.xml	/home/seunghyun/ycsb/results/intel_noise_thread_sweep_madracks-snode1_20260313T202101Z_1987773/runs/20t/memory_benchmark.stdout.log	/home/seunghyun/ycsb/results/intel_noise_thread_sweep_madracks-snode1_20260313T202101Z_1987773/runs/20t/memory_benchmark.stderr.log	/home/seunghyun/ycsb/results/intel_noise_thread_sweep_madracks-snode1_20260313T202101Z_1987773/runs/20t/memory_benchmark.latency.txt	/home/seunghyun/ycsb/results/intel_noise_thread_sweep_madracks-snode1_20260313T202101Z_1987773/runs/20t/ycsb_bundle	2026-03-13T20:40:54Z	madracks-snode1	intel	elasticsearch	embedded	NO_RETIRED_INST_CYCLES	user	128	128	128	1	0-0	8192	8192	10000	10000	1	1	1	16374	16384	10588136297	14010623332	22278367401	5496.900000	1908.761214	5625.788	1777.528766	4990.000000	550.000000	118389847	34960878	0.670159	ok	cpu/event=0xc0,cmask=1,inv=1/	/home/seunghyun/ycsb/workloads/working_set_128mb.properties	/home/seunghyun/ycsb/results/intel_elasticsearch_multi_instance_madracks-snode1_20260313T203948Z_1992608
21	/home/seunghyun/ycsb/results/intel_noise_thread_sweep_madracks-snode1_20260313T202101Z_1987773/runs/21t/memory_benchmark.21t.xml	/home/seunghyun/ycsb/results/intel_noise_thread_sweep_madracks-snode1_20260313T202101Z_1987773/runs/21t/memory_benchmark.stdout.log	/home/seunghyun/ycsb/results/intel_noise_thread_sweep_madracks-snode1_20260313T202101Z_1987773/runs/21t/memory_benchmark.stderr.log	/home/seunghyun/ycsb/results/intel_noise_thread_sweep_madracks-snode1_20260313T202101Z_1987773/runs/21t/memory_benchmark.latency.txt	/home/seunghyun/ycsb/results/intel_noise_thread_sweep_madracks-snode1_20260313T202101Z_1987773/runs/21t/ycsb_bundle	2026-03-13T20:42:06Z	madracks-snode1	intel	elasticsearch	embedded	NO_RETIRED_INST_CYCLES	user	128	128	128	1	0-0	8192	8192	10000	10000	1	1	1	16374	16384	11178726199	14772461782	23342681169	5781.180000	1823.486506	5883.161	1699.766503	5220.000000	610.000000	111010821	33215708	0.652969	ok	cpu/event=0xc0,cmask=1,inv=1/	/home/seunghyun/ycsb/workloads/working_set_128mb.properties	/home/seunghyun/ycsb/results/intel_elasticsearch_multi_instance_madracks-snode1_20260313T204056Z_1992874
22	/home/seunghyun/ycsb/results/intel_noise_thread_sweep_madracks-snode1_20260313T202101Z_1987773/runs/22t/memory_benchmark.22t.xml	/home/seunghyun/ycsb/results/intel_noise_thread_sweep_madracks-snode1_20260313T202101Z_1987773/runs/22t/memory_benchmark.stdout.log	/home/seunghyun/ycsb/results/intel_noise_thread_sweep_madracks-snode1_20260313T202101Z_1987773/runs/22t/memory_benchmark.stderr.log	/home/seunghyun/ycsb/results/intel_noise_thread_sweep_madracks-snode1_20260313T202101Z_1987773/runs/22t/memory_benchmark.latency.txt	/home/seunghyun/ycsb/results/intel_noise_thread_sweep_madracks-snode1_20260313T202101Z_1987773/runs/22t/ycsb_bundle	2026-03-13T20:43:21Z	madracks-snode1	intel	elasticsearch	embedded	NO_RETIRED_INST_CYCLES	user	128	128	128	1	0-0	8192	8192	10000	10000	1	1	1	16374	16384	11207025205	14529407636	21412083781	5703.340000	1844.678104	5840.373	1712.219408	5110.000000	640.000000	98407040	30546793	0.625814	ok	cpu/event=0xc0,cmask=1,inv=1/	/home/seunghyun/ycsb/workloads/working_set_128mb.properties	/home/seunghyun/ycsb/results/intel_elasticsearch_multi_instance_madracks-snode1_20260313T204209Z_1993141
23	/home/seunghyun/ycsb/results/intel_noise_thread_sweep_madracks-snode1_20260313T202101Z_1987773/runs/23t/memory_benchmark.23t.xml	/home/seunghyun/ycsb/results/intel_noise_thread_sweep_madracks-snode1_20260313T202101Z_1987773/runs/23t/memory_benchmark.stdout.log	/home/seunghyun/ycsb/results/intel_noise_thread_sweep_madracks-snode1_20260313T202101Z_1987773/runs/23t/memory_benchmark.stderr.log	/home/seunghyun/ycsb/results/intel_noise_thread_sweep_madracks-snode1_20260313T202101Z_1987773/runs/23t/memory_benchmark.latency.txt	/home/seunghyun/ycsb/results/intel_noise_thread_sweep_madracks-snode1_20260313T202101Z_1987773/runs/23t/ycsb_bundle	2026-03-13T20:44:38Z	madracks-snode1	intel	elasticsearch	embedded	NO_RETIRED_INST_CYCLES	user	128	128	128	1	0-0	8192	8192	10000	10000	1	1	1	16374	16384	11337428997	14738182903	22177646152	5775.390000	1804.077215	5940.855	1683.259396	5270.000000	550.000000	94133131	30061894	0.600090	ok	cpu/event=0xc0,cmask=1,inv=1/	/home/seunghyun/ycsb/workloads/working_set_128mb.properties	/home/seunghyun/ycsb/results/intel_elasticsearch_multi_instance_madracks-snode1_20260313T204323Z_1993410
