timestamp_utc	host	arch	backend	mode	event_name	perf_scope	assignment_label	instance_count	cores	numas	numa_binding_applied	working_set_mb_per_instance	total_working_set_mb	recordcount_per_instance	total_recordcount	operationcount_per_instance	total_operationcount	threads_per_instance	java_active_processor_count_per_instance	load_threads	fieldcount	fieldlength	approx_value_bytes_per_record	primary_operation	latency_operations	latency_average_us	latency_min_us	latency_max_us	latency_p50_us	latency_p95_us	latency_p99_us	latency_p99_9_us	latency_p99_99_us	summed_stall_cycles	summed_cycles	summed_instructions	summed_task_clock_ms	summed_instance_throughput_ops_per_sec	group_wall_clock_ms	aggregate_wall_throughput_ops_per_sec	ServerPerfUserTimeMs	ServerPerfKernelTimeMs	ServerPerfCacheRefs	ServerPerfCacheMisses	ServerPerfLLCHitRatio	df_duration_s	df_total_read_mib_s	df_total_write_mib_s	df_total_mib_s	df_ccm0_read_mib_s	df_ccm0_write_mib_s	df_ccm0_total_mib_s	df_ccm1_read_mib_s	df_ccm1_write_mib_s	df_ccm1_total_mib_s	df_ccm2_read_mib_s	df_ccm2_write_mib_s	df_ccm2_total_mib_s	df_ccm3_read_mib_s	df_ccm3_write_mib_s	df_ccm3_total_mib_s	df_ccm4_read_mib_s	df_ccm4_write_mib_s	df_ccm4_total_mib_s	df_ccm5_read_mib_s	df_ccm5_write_mib_s	df_ccm5_total_mib_s	df_ccm6_read_mib_s	df_ccm6_write_mib_s	df_ccm6_total_mib_s	df_ccm7_read_mib_s	df_ccm7_write_mib_s	df_ccm7_total_mib_s	status	perf_event	workload_file	result_dir
2026-03-14T06:05:25Z	madracks-mnode5	amd	rocksdb	embedded	NO_RETIRED_INST_CYCLES	user	chiplet_x1	12	0,7,14,21,28,35,42,49,56,63,70,77	0,0,0,0,0,0,0,0,0,0,0,0	False	256	3072	262144	3145728	1000000	12000000	1	1	1	1	1014	1024	READ	12000000	13.890832666666666	1.0	28063.0	11.0	28.0	34.0	45.0	4067.0	296897497095	471553404931	599401213471	210275.96000000002	592209.9505865253	21116.19522899855	568284.1946602474	166050.0	45820.0	33286719314	3874490667		21.11363298300421	4012.429044865335	295.64860152101284	4308.077646386348	504.2385585606257	37.55222477532845	541.7907833359541	495.9970807447582	38.358406418892365	534.3554871636505	501.97366798504976	37.31288440550056	539.2865523905504	502.3953812995538	35.65621103323706	538.0515923327908	512.1452102014646	37.76392337623233	549.9091335776969	495.26530957525705	38.58164506806488	533.846954643322	499.01267574287516	35.46336907934126	534.4760448222164	501.40116075575094	34.95993736441595	536.3610981201668	ok	cpu/event=0xc0,cmask=1,inv=1/	/home/seunghyun/ycsb/workloads/working_set_256mb.properties	/home/seunghyun/ycsb/results/chiplet_ycsb_256mib_madracks-mnode5_20260314T060453Z_1429430/runs/rocksdb/chiplet_x1
2026-03-14T06:06:10Z	madracks-mnode5	amd	rocksdb	embedded	NO_RETIRED_INST_CYCLES	user	chiplet_x2	24	0,1,7,8,14,15,21,22,28,29,35,36,42,43,49,50,56,57,63,64,70,71,77,78	0,0,0,0,0,0,0,0,0,0,0,0,0,0,0,0,0,0,0,0,0,0,0,0	False	256	6144	262144	6291456	1000000	24000000	1	1	1	1	1014	1024	READ	24000000	14.761184791666667	1.0	24863.0	11.0	29.0	37.0	54.0	4063.0	625708313779	992471739461	1252259350534	442863.03	976071.8950801364	26122.304636985064	918755.0766872149	347550.0	100120.0	68418347159	8124515754		26.121385451988317	6813.977340199035	1092.2915280365933	7906.268868235628	847.4321092091233	125.05196731055452	972.4840765196777	865.4225069011821	147.97541823025688	1013.397925131439	845.8770395124629	137.7058889210573	983.5829284335202	860.5226240074672	140.6217612861184	1001.1443852935856	846.8003856203551	128.34976349864058	975.1501491189956	849.4367331983236	142.83986497410024	992.2765981724239	854.1525331226989	140.1432659005916	994.2957990232904	844.3334086274219	129.60359791527375	973.9370065426957	ok	cpu/event=0xc0,cmask=1,inv=1/	/home/seunghyun/ycsb/workloads/working_set_256mb.properties	/home/seunghyun/ycsb/results/chiplet_ycsb_256mib_madracks-mnode5_20260314T060453Z_1429430/runs/rocksdb/chiplet_x2
2026-03-14T06:07:09Z	madracks-mnode5	amd	rocksdb	embedded	NO_RETIRED_INST_CYCLES	user	chiplet_x3	36	0,1,2,7,8,9,14,15,16,21,22,23,28,29,30,35,36,37,42,43,44,49,50,51,56,57,58,63,64,65,70,71,72,77,78,79	0,0,0,0,0,0,0,0,0,0,0,0,0,0,0,0,0,0,0,0,0,0,0,0,0,0,0,0,0,0,0,0,0,0,0,0	False	256	9216	262144	9437184	1000000	36000000	1	1	1	1	1014	1024	READ	36000000	16.829971722222222	1.0	32047.0	11.0	32.0	39.0	75.0	4451.0	1051605238086	1659803803251	2048960901778	741605.4399999998	1171151.2234815694	32755.015283997636	1099068.331608677	576020.0	170990.0	109072337752	13404670224		32.75417385803303	9795.158821973702	2538.0340601054904	12333.192882079193	1194.361034093571	305.1040013315318	1499.465035425103	1223.806366899982	315.06323905853986	1538.869605958522	1280.6534874172148	364.11332280257255	1644.7668102197874	1224.5263977270392	309.37708620165336	1533.9034839286926	1221.3123745305809	317.86797911266416	1539.180353643245	1206.9222519033988	305.87010643182214	1512.7923583352208	1221.2429086029063	306.30447415603027	1527.5473827589365	1222.33400079901	314.33385101067654	1536.6678518096865	ok	cpu/event=0xc0,cmask=1,inv=1/	/home/seunghyun/ycsb/workloads/working_set_256mb.properties	/home/seunghyun/ycsb/results/chiplet_ycsb_256mib_madracks-mnode5_20260314T060453Z_1429430/runs/rocksdb/chiplet_x3
2026-03-14T06:08:19Z	madracks-mnode5	amd	rocksdb	embedded	NO_RETIRED_INST_CYCLES	user	chiplet_x4	48	0,1,2,3,7,8,9,10,14,15,16,17,21,22,23,24,28,29,30,31,35,36,37,38,42,43,44,45,49,50,51,52,56,57,58,59,63,64,65,66,70,71,72,73,77,78,79,80	0,0,0,0,0,0,0,0,0,0,0,0,0,0,0,0,0,0,0,0,0,0,0,0,0,0,0,0,0,0,0,0,0,0,0,0,0,0,0,0,0,0,0,0,0,0,0,0	False	256	12288	262144	12582912	1000000	48000000	1	1	1	1	1014	1024	READ	48000000	18.413051020833333	1.0	34111.0	11.0	33.0	41.0	89.0	4423.0	1532686942817	2397013327606	2892461894180	1071042.8799999997	1377181.3248893	36478.812093962915	1315832.3214133333	825440.0	256570.0	151943777691	18966759884		36.47796268801903	13293.101519338223	4292.012966678179	17585.114486016402	1600.2288158298134	457.88570021425244	2058.1145160440656	1662.4349099644464	542.5912360579912	2205.0261460224374	1659.0581144882774	540.4559638245735	2199.514078312851	1687.1812334586689	557.02415949401	2244.2053929526787	1681.5898867257279	549.1477450622308	2230.737631787959	1662.4081830039333	544.5284625764932	2206.9366455804266	1669.0264450323477	553.434800728637	2222.4612457609846	1671.173930835006	546.9448987199903	2218.1188295549964	ok	cpu/event=0xc0,cmask=1,inv=1/	/home/seunghyun/ycsb/workloads/working_set_256mb.properties	/home/seunghyun/ycsb/results/chiplet_ycsb_256mib_madracks-mnode5_20260314T060453Z_1429430/runs/rocksdb/chiplet_x4
2026-03-14T06:09:44Z	madracks-mnode5	amd	rocksdb	embedded	NO_RETIRED_INST_CYCLES	user	chiplet_x5	60	0,1,2,3,4,7,8,9,10,11,14,15,16,17,18,21,22,23,24,25,28,29,30,31,32,35,36,37,38,39,42,43,44,45,46,49,50,51,52,53,56,57,58,59,60,63,64,65,66,67,70,71,72,73,74,77,78,79,80,81	0,0,0,0,0,0,0,0,0,0,0,0,0,0,0,0,0,0,0,0,0,0,0,0,0,0,0,0,0,0,0,0,0,0,0,0,0,0,0,0,0,0,0,0,0,0,0,0,0,0,0,0,0,0,0,0,0,0,0,0	False	256	15360	262144	15728640	1000000	60000000	1	1	1	1	1014	1024	READ	60000000	20.572370516666666	1.0	260735.0	16.0	34.0	41.0	99.0	4081.0	2105726947750	3289426625905	3922867432129	1469428.55	1429091.423650143	44622.949280019384	1344599.6055412216	1129720.0	356730.0	200725917701	25766865650		44.62200223596301	15196.266530019291	5219.169911535374	20415.436441554666	1799.6574314948111	576.8315844034188	2376.48901589823	1931.2426931400912	679.1299850065692	2610.3726781466603	1929.9902900136717	684.7826264187712	2614.772916432443	1917.0462334331228	669.1796628863171	2586.22589631944	1782.0062237228922	541.1982711166661	2323.2044948395583	1951.8302748849542	694.3875983415205	2646.2178732264747	1949.423069890597	697.0491506698379	2646.472220560435	1935.070313439149	676.6110326922736	2611.6813461314227	ok	cpu/event=0xc0,cmask=1,inv=1/	/home/seunghyun/ycsb/workloads/working_set_256mb.properties	/home/seunghyun/ycsb/results/chiplet_ycsb_256mib_madracks-mnode5_20260314T060453Z_1429430/runs/rocksdb/chiplet_x5
2026-03-14T06:11:24Z	madracks-mnode5	amd	rocksdb	embedded	NO_RETIRED_INST_CYCLES	user	chiplet_x6	72	0,1,2,3,4,5,7,8,9,10,11,12,14,15,16,17,18,19,21,22,23,24,25,26,28,29,30,31,32,33,35,36,37,38,39,40,42,43,44,45,46,47,49,50,51,52,53,54,56,57,58,59,60,61,63,64,65,66,67,68,70,71,72,73,74,75,77,78,79,80,81,82	0,0,0,0,0,0,0,0,0,0,0,0,0,0,0,0,0,0,0,0,0,0,0,0,0,0,0,0,0,0,0,0,0,0,0,0,0,0,0,0,0,0,0,0,0,0,0,0,0,0,0,0,0,0,0,0,0,0,0,0,0,0,0,0,0,0,0,0,0,0,0,0	False	256	18432	262144	18874368	1000000	72000000	1	1	1	1	1014	1024	READ	72000000	21.622569458333334	1.0	486655.0	20.0	35.0	42.0	115.0	4115.0	2709258084228	4176112866479	4841473517663	1866153.1000000003	1508926.9963064762	50890.454237000085	1414803.6420482988	1406200.0	493320.0	245847388012	31821723436		50.889440962986555	17176.44941118374	6327.5665994936335	23504.016010677376	2254.1230772484278	850.2738856768165	3104.396962925244	2159.9456811208297	804.1352395208149	2964.0809206416448	2145.2599076987144	797.8604782785146	2943.120385977229	2171.077279222986	822.1439075757705	2993.221186798756	1933.0546405269656	594.3814027489043	2527.43604327587	2176.5227418059294	825.8341391776224	3002.356880983552	2257.7116702261214	860.2181438506464	3117.929814076768	2078.754413333767	772.7194026645443	2851.4738159983112	ok	cpu/event=0xc0,cmask=1,inv=1/	/home/seunghyun/ycsb/workloads/working_set_256mb.properties	/home/seunghyun/ycsb/results/chiplet_ycsb_256mib_madracks-mnode5_20260314T060453Z_1429430/runs/rocksdb/chiplet_x6
2026-03-14T06:13:17Z	madracks-mnode5	amd	rocksdb	embedded	NO_RETIRED_INST_CYCLES	user	chiplet_x7	84	0,1,2,3,4,5,6,7,8,9,10,11,12,13,14,15,16,17,18,19,20,21,22,23,24,25,26,27,28,29,30,31,32,33,34,35,36,37,38,39,40,41,42,43,44,45,46,47,48,49,50,51,52,53,54,55,56,57,58,59,60,61,62,63,64,65,66,67,68,69,70,71,72,73,74,75,76,77,78,79,80,81,82,83	0,0,0,0,0,0,0,0,0,0,0,0,0,0,0,0,0,0,0,0,0,0,0,0,0,0,0,0,0,0,0,0,0,0,0,0,0,0,0,0,0,0,0,0,0,0,0,0,0,0,0,0,0,0,0,0,0,0,0,0,0,0,0,0,0,0,0,0,0,0,0,0,0,0,0,0,0,0,0,0,0,0,0,0	False	256	21504	262144	22020096	1000000	84000000	1	1	1	1	1014	1024	READ	84000000	23.4123535	1.0	36127.0	21.0	38.0	42.0	133.0	4139.0	3435677758929	5262406013977	5992046804595	2351188.1500000004	1582714.8633412442	56758.95897700684	1479942.5767133706	1758100.0	659440.0	298981427290	39421976745		56.75822541100206	19713.23793961477	7651.150863450881	27364.388803065653	2129.8173525685193	730.1684191252	2859.9857716937195	2499.044858296431	985.729992262404	3484.774850558835	2546.189717594775	1002.2918545266685	3548.4815721214436	2575.1417528619013	1014.4642227436116	3589.605975605513	2468.098692341247	966.8987168796815	3434.9974092209286	2448.987484699598	966.545447125205	3415.532931824803	2513.1845959542748	986.9255885627642	3500.1101845170388	2532.773485298026	998.126622225346	3530.900107523372	ok	cpu/event=0xc0,cmask=1,inv=1/	/home/seunghyun/ycsb/workloads/working_set_256mb.properties	/home/seunghyun/ycsb/results/chiplet_ycsb_256mib_madracks-mnode5_20260314T060453Z_1429430/runs/rocksdb/chiplet_x7
2026-03-14T06:13:58Z	madracks-mnode5	amd	orientdb	embedded	NO_RETIRED_INST_CYCLES	user	chiplet_x1	12	0,7,14,21,28,35,42,49,56,63,70,77	0,0,0,0,0,0,0,0,0,0,0,0	False	256	3072	262144	3145728	10000	120000	1	1	1	1	1014	1024	READ	120000	110.40343333333334	22.0	19487.0	31.0	145.0	3683.0	8471.0	14423.0	96596494774	136586663480	208234596424	60851.08	27270.092776278678	5559.786578989588	21583.562299581703	49240.0	15120.0	10092126087	1729515552		5.558982393005863	4939.745130660001	402.5301616119595	5342.275292271961	625.7076575631513	50.4160222089879	676.1236797721392	611.3941708879162	48.4075321035218	659.801702991438	616.2460365064887	49.91652928618699	666.1625657926758	613.0334404977467	51.218858293838856	664.2522987915855	615.8645573370284	51.68400716673051	667.5485645037588	611.2287089850606	50.07119828589016	661.2999072709508	617.2012523537007	51.567261552061396	668.7685139057621	629.0693065289083	49.24875271474192	678.3180592436503	ok	cpu/event=0xc0,cmask=1,inv=1/	/home/seunghyun/ycsb/workloads/working_set_256mb.properties	/home/seunghyun/ycsb/results/chiplet_ycsb_256mib_madracks-mnode5_20260314T060453Z_1429430/runs/orientdb/chiplet_x1
2026-03-14T06:14:54Z	madracks-mnode5	amd	orientdb	embedded	NO_RETIRED_INST_CYCLES	user	chiplet_x2	24	0,1,7,8,14,15,21,22,28,29,35,36,42,43,49,50,56,57,63,64,70,71,77,78	0,0,0,0,0,0,0,0,0,0,0,0,0,0,0,0,0,0,0,0,0,0,0,0	False	256	6144	262144	6291456	10000	240000	1	1	1	1	1014	1024	READ	240000	112.02850833333333	22.0	20223.0	32.0	144.0	3743.0	8479.0	15727.0	225698479103	305806006808	414999615799	136174.38999999998	47924.576399814	6680.380169011187	35926.0991033575	97670.0	59060.0	20352636829	3460526308		6.679576041991822	7897.7321205209155	1068.2281864163742	8965.96030693729	1006.6876401726333	138.1492806859509	1144.8369208585843	994.6734137516233	132.57525675611535	1127.2486705077388	984.9690029192366	132.28265318948917	1117.2516561087257	983.2143135525755	132.99205830155555	1116.206371854131	982.006097120212	130.91218076023037	1112.9182778804422	979.3984558383518	133.998471293505	1113.3969271318567	974.8768251998619	132.31390371093886	1107.1907289108008	991.9063719664214	135.00438171858906	1126.9107536850104	ok	cpu/event=0xc0,cmask=1,inv=1/	/home/seunghyun/ycsb/workloads/working_set_256mb.properties	/home/seunghyun/ycsb/results/chiplet_ycsb_256mib_madracks-mnode5_20260314T060453Z_1429430/runs/orientdb/chiplet_x2
2026-03-14T06:16:09Z	madracks-mnode5	amd	orientdb	embedded	NO_RETIRED_INST_CYCLES	user	chiplet_x3	36	0,1,2,7,8,9,14,15,16,21,22,23,28,29,30,35,36,37,42,43,44,49,50,51,56,57,58,63,64,65,70,71,72,77,78,79	0,0,0,0,0,0,0,0,0,0,0,0,0,0,0,0,0,0,0,0,0,0,0,0,0,0,0,0,0,0,0,0,0,0,0,0	False	256	9216	262144	9437184	10000	360000	1	1	1	1	1014	1024	READ	360000	114.049275	22.0	19151.0	32.0	146.0	3945.0	8599.0	14999.0	393684783467	516555280992	632320682132	229985.82999999996	62861.89834421607	7842.593923967797	45903.179928748046	148680.0	125890.0	30757246240	5214179242		7.841724538011476	10101.923174722986	1732.5116229720486	11834.434797695034	1262.491261408651	214.64330937611726	1477.1345707847684	1256.8933735315932	214.1357704477275	1471.0291439793207	1259.3914040467619	217.28408716074168	1476.6754912075035	1268.7031026452876	216.37613980651335	1485.0792424518008	1264.272418872638	217.9681765969321	1482.24059546957	1261.9666729767857	219.00175555837333	1480.968428535159	1260.6165749063105	216.51508878439358	1477.131663690704	1267.5883663349578	216.58729524124965	1484.1756615762074	ok	cpu/event=0xc0,cmask=1,inv=1/	/home/seunghyun/ycsb/workloads/working_set_256mb.properties	/home/seunghyun/ycsb/results/chiplet_ycsb_256mib_madracks-mnode5_20260314T060453Z_1429430/runs/orientdb/chiplet_x3
2026-03-14T06:17:43Z	madracks-mnode5	amd	orientdb	embedded	NO_RETIRED_INST_CYCLES	user	chiplet_x4	48	0,1,2,3,7,8,9,10,14,15,16,17,21,22,23,24,28,29,30,31,35,36,37,38,42,43,44,45,49,50,51,52,56,57,58,59,63,64,65,66,70,71,72,73,77,78,79,80	0,0,0,0,0,0,0,0,0,0,0,0,0,0,0,0,0,0,0,0,0,0,0,0,0,0,0,0,0,0,0,0,0,0,0,0,0,0,0,0,0,0,0,0,0,0,0,0	False	256	12288	262144	12582912	10000	480000	1	1	1	1	1014	1024	READ	480000	114.91603541666667	22.0	19519.0	33.0	148.0	4051.0	8583.0	16071.0	600930687942	766052537392	842041348461	340992.13000000006	74603.89041106915	9007.857979973778	53286.80814763437	198950.0	220940.0	41084746940	6936059078		9.006895524973515	12041.552142466071	2395.3756196458367	14436.927762111907	1514.7069094937394	300.5511667675678	1815.2580762613072	1504.0540741917937	299.1929747881227	1803.2470489799164	1507.1353925790245	297.48090083893015	1804.6162934179547	1493.1497124448229	298.2512118003846	1791.4009242452075	1498.7814584997425	297.9410382045958	1796.7224967043383	1495.5554247357559	298.6337108962139	1794.1891356319697	1519.638078079022	304.3936817343967	1824.0317598134188	1508.531092442169	298.9309346156252	1807.462027057794	ok	cpu/event=0xc0,cmask=1,inv=1/	/home/seunghyun/ycsb/workloads/working_set_256mb.properties	/home/seunghyun/ycsb/results/chiplet_ycsb_256mib_madracks-mnode5_20260314T060453Z_1429430/runs/orientdb/chiplet_x4
2026-03-14T06:19:37Z	madracks-mnode5	amd	orientdb	embedded	NO_RETIRED_INST_CYCLES	user	chiplet_x5	60	0,1,2,3,4,7,8,9,10,11,14,15,16,17,18,21,22,23,24,25,28,29,30,31,32,35,36,37,38,39,42,43,44,45,46,49,50,51,52,53,56,57,58,59,60,63,64,65,66,67,70,71,72,73,74,77,78,79,80,81	0,0,0,0,0,0,0,0,0,0,0,0,0,0,0,0,0,0,0,0,0,0,0,0,0,0,0,0,0,0,0,0,0,0,0,0,0,0,0,0,0,0,0,0,0,0,0,0,0,0,0,0,0,0,0,0,0,0,0,0	False	256	15360	262144	15728640	10000	600000	1	1	1	1	1014	1024	READ	600000	116.67815333333333	22.0	20287.0	33.0	149.0	4055.0	8591.0	15671.0	862370724134	1071309638825	1056175220454	476859.4699999999	82431.86057563999	10359.034521039575	57920.4556931805	250610.0	355800.0	51435041802	8656754845		10.35807133599883	13380.625349781449	2891.456001818529	16272.081351599978	1655.5898091367753	357.07400562175036	2012.6638147585256	1671.8102674967217	359.7600761133611	2031.5703436100828	1662.0667271584816	360.1911494035311	2022.2578765620128	1673.2160580946554	361.7136826339879	2034.9297407286433	1682.1493178252722	364.3557359912887	2046.505053816561	1672.5693509327984	363.32186955444837	2035.8912204872468	1678.522812714976	362.83304366275615	2041.3558563777322	1684.7010064217689	362.20643883740496	2046.9074452591738	ok	cpu/event=0xc0,cmask=1,inv=1/	/home/seunghyun/ycsb/workloads/working_set_256mb.properties	/home/seunghyun/ycsb/results/chiplet_ycsb_256mib_madracks-mnode5_20260314T060453Z_1429430/runs/orientdb/chiplet_x5
2026-03-14T06:21:54Z	madracks-mnode5	amd	orientdb	embedded	NO_RETIRED_INST_CYCLES	user	chiplet_x6	72	0,1,2,3,4,5,7,8,9,10,11,12,14,15,16,17,18,19,21,22,23,24,25,26,28,29,30,31,32,33,35,36,37,38,39,40,42,43,44,45,46,47,49,50,51,52,53,54,56,57,58,59,60,61,63,64,65,66,67,68,70,71,72,73,74,75,77,78,79,80,81,82	0,0,0,0,0,0,0,0,0,0,0,0,0,0,0,0,0,0,0,0,0,0,0,0,0,0,0,0,0,0,0,0,0,0,0,0,0,0,0,0,0,0,0,0,0,0,0,0,0,0,0,0,0,0,0,0,0,0,0,0,0,0,0,0,0,0,0,0,0,0,0,0	False	256	18432	262144	18874368	10000	720000	1	1	1	1	1014	1024	READ	720000	118.94161111111111	21.0	22943.0	34.0	151.0	4065.0	8655.0	16167.0	1147811646804	1400950104941	1270447019173	623534.2700000003	90047.9620027254	11531.392092991155	62438.254999378616	303050.0	500890.0	61670438703	10442091798		11.530526886985172	14851.324429534725	3396.4365114010943	18247.76094093582	1859.7412096330156	428.1407382197954	2287.881947852811	1847.5626797966074	422.8716757984984	2270.434355595106	1857.3693584491355	425.54612154212657	2282.915479991262	1865.9915777686767	427.1023198665368	2293.0938976352136	1879.1752916376338	427.6993466347494	2306.874638272383	1843.228370691254	422.25020432326374	2265.478575014518	1862.4720481194458	426.3539719983589	2288.8260201178045	1835.7838934389547	416.4721330177652	2252.25602645672	ok	cpu/event=0xc0,cmask=1,inv=1/	/home/seunghyun/ycsb/workloads/working_set_256mb.properties	/home/seunghyun/ycsb/results/chiplet_ycsb_256mib_madracks-mnode5_20260314T060453Z_1429430/runs/orientdb/chiplet_x6
2026-03-14T06:24:32Z	madracks-mnode5	amd	orientdb	embedded	NO_RETIRED_INST_CYCLES	user	chiplet_x7	84	0,1,2,3,4,5,6,7,8,9,10,11,12,13,14,15,16,17,18,19,20,21,22,23,24,25,26,27,28,29,30,31,32,33,34,35,36,37,38,39,40,41,42,43,44,45,46,47,48,49,50,51,52,53,54,55,56,57,58,59,60,61,62,63,64,65,66,67,68,69,70,71,72,73,74,75,76,77,78,79,80,81,82,83	0,0,0,0,0,0,0,0,0,0,0,0,0,0,0,0,0,0,0,0,0,0,0,0,0,0,0,0,0,0,0,0,0,0,0,0,0,0,0,0,0,0,0,0,0,0,0,0,0,0,0,0,0,0,0,0,0,0,0,0,0,0,0,0,0,0,0,0,0,0,0,0,0,0,0,0,0,0,0,0,0,0,0,0	False	256	21504	262144	22020096	10000	840000	1	1	1	1	1014	1024	READ	840000	121.29025714285714	22.0	21823.0	34.0	152.0	4069.0	8783.0	16231.0	1458306907425	1758675395364	1498209575400	782737.0799999997	96965.37815165403	12591.732608038	66710.43820163251	358210.0	655990.0	71804547881	12223402097		12.591081171995029	16287.730061916849	3866.762098428062	20154.49216034491	2038.0975957395272	487.3063498152441	2525.4039455547713	2049.2016228387993	486.79185163272786	2535.993474471527	2026.0154854761888	480.5656708088845	2506.581156285073	2022.5931105778102	478.2081079648975	2500.801218542708	2033.1609227336094	484.58087207770814	2517.7417948113175	2043.9318059943198	488.0117373570725	2531.9435433513922	2057.181306075132	486.8462792648759	2544.027585340008	2017.5482124814632	474.45122950665166	2491.999441988115	ok	cpu/event=0xc0,cmask=1,inv=1/	/home/seunghyun/ycsb/workloads/working_set_256mb.properties	/home/seunghyun/ycsb/results/chiplet_ycsb_256mib_madracks-mnode5_20260314T060453Z_1429430/runs/orientdb/chiplet_x7
2026-03-14T06:29:07Z	madracks-mnode5	amd	elasticsearch	embedded	NO_RETIRED_INST_CYCLES	user	chiplet_x1	12	0,7,14,21,28,35,42,49,56,63,70,77	0,0,0,0,0,0,0,0,0,0,0,0	False	256	3072	262144	3145728	10000	120000	1	1	1	1	1014	1024	READ	120000	287.20349166666665	35.0	35775.0	114.0	491.0	5415.0	8111.0	14951.0	131940662497	184772951610	276132467238	82563.3	18422.770963877003	7247.115052014124	16558.313085791222	73390.0	9890.0	12812510370	2769603881		7.2462874469929375	2269.222898834036	51.03903323802765	2320.2619320720637	296.00666369204015	8.509964566704085	304.5166282587442	294.68462608698644	7.7129676773405365	302.397593764327	293.64406259525003	5.281378364043361	298.9254409592934	269.5292296200381	4.606842823778929	274.13607244381706	267.3134659053819	7.130991994373731	274.44445789975566	272.40692392214726	4.175107396942597	276.5820313190899	292.043574717881	8.32143355515683	300.3650082730378	283.59435229431114	5.300346859687574	288.8946991539987	ok	cpu/event=0xc0,cmask=1,inv=1/	/home/seunghyun/ycsb/workloads/working_set_256mb.properties	/home/seunghyun/ycsb/results/chiplet_ycsb_256mib_madracks-mnode5_20260314T060453Z_1429430/runs/elasticsearch/chiplet_x1
2026-03-14T06:34:33Z	madracks-mnode5	amd	elasticsearch	embedded	NO_RETIRED_INST_CYCLES	user	chiplet_x2	24	0,1,7,8,14,15,21,22,28,29,35,36,42,43,49,50,56,57,63,64,70,71,77,78	0,0,0,0,0,0,0,0,0,0,0,0,0,0,0,0,0,0,0,0,0,0,0,0	False	256	6144	262144	6291456	10000	240000	1	1	1	1	1014	1024	READ	240000	273.519	32.0	33087.0	110.0	443.0	5303.0	7919.0	12615.0	258804078966	362154460534	539350217733	161839.61	37594.1629622683	7211.876754008699	33278.43891211767	144250.0	18990.0	25093799121	5412457864		7.210901639016811	4023.6026082832864	320.53723701993493	4344.139845303222	486.12427732719476	41.33802214250378	527.4622994696986	499.1286418371731	40.04834380297068	539.1769856401438	498.444896562491	37.902748083874236	536.3476446463652	505.7294288282035	42.70778958563978	548.4372184138433	521.2443819003361	41.518463857850065	562.7628457581861	512.5261302550817	41.102892655187695	553.6290229102694	510.5252019333885	36.95765941848797	547.4828613518764	489.8796496394179	38.96131747342071	528.8409671128386	ok	cpu/event=0xc0,cmask=1,inv=1/	/home/seunghyun/ycsb/workloads/working_set_256mb.properties	/home/seunghyun/ycsb/results/chiplet_ycsb_256mib_madracks-mnode5_20260314T060453Z_1429430/runs/elasticsearch/chiplet_x2
2026-03-14T06:41:25Z	madracks-mnode5	amd	elasticsearch	embedded	NO_RETIRED_INST_CYCLES	user	chiplet_x3	36	0,1,2,7,8,9,14,15,16,21,22,23,28,29,30,35,36,37,42,43,44,49,50,51,56,57,58,63,64,65,70,71,72,77,78,79	0,0,0,0,0,0,0,0,0,0,0,0,0,0,0,0,0,0,0,0,0,0,0,0,0,0,0,0,0,0,0,0,0,0,0,0	False	256	9216	262144	9437184	10000	360000	1	1	1	1	1014	1024	READ	360000	270.1099472222222	33.0	35295.0	107.0	432.0	5291.0	8215.0	11567.0	390766832229	544388230212	801305869349	243275.98000000004	56182.17136495408	7237.030212010723	49744.161548826574	216710.0	28950.0	37444426883	8099324727		7.2360550569719635	6187.102532609332	1048.0012879703872	7235.1038205797195	756.2775560507665	130.21300241241303	886.4905584631796	773.8608907918274	128.50843404072086	902.3693248325483	792.9167802573414	128.00873569706624	920.9255159544077	770.9741590519187	127.30313383450692	898.2772928864256	778.6576262872586	134.9597739778851	913.6174002651437	773.1317514351259	132.2915727515885	905.4233241867144	790.81686970667	138.86665217596473	929.6835218826347	750.4668990284229	127.84998308024164	878.3168821086645	ok	cpu/event=0xc0,cmask=1,inv=1/	/home/seunghyun/ycsb/workloads/working_set_256mb.properties	/home/seunghyun/ycsb/results/chiplet_ycsb_256mib_madracks-mnode5_20260314T060453Z_1429430/runs/elasticsearch/chiplet_x3
2026-03-14T06:49:42Z	madracks-mnode5	amd	elasticsearch	embedded	NO_RETIRED_INST_CYCLES	user	chiplet_x4	48	0,1,2,3,7,8,9,10,14,15,16,17,21,22,23,24,28,29,30,31,35,36,37,38,42,43,44,45,49,50,51,52,56,57,58,59,63,64,65,66,70,71,72,73,77,78,79,80	0,0,0,0,0,0,0,0,0,0,0,0,0,0,0,0,0,0,0,0,0,0,0,0,0,0,0,0,0,0,0,0,0,0,0,0,0,0,0,0,0,0,0,0,0,0,0,0	False	256	12288	262144	12582912	10000	480000	1	1	1	1	1014	1024	READ	480000	278.83773333333335	34.0	36767.0	112.0	467.0	5323.0	8083.0	16319.0	533648041489	739614765741	1074782692034	330484.14	73343.06438780922	7292.68165800022	65819.40944500577	293890.0	41650.0	50488510608	10962581372		7.29167831200175	8797.807926086596	2115.147032108807	10912.954958195403	1097.563448002234	263.03195436033053	1360.5954023625645	1116.4210211218915	260.4174551876663	1376.8384763095578	1109.7363931258656	269.72560996470656	1379.4620030905721	1095.061783470793	265.25811988979973	1360.3199033605927	1088.666449097565	267.52879148658224	1356.195240584147	1123.7324422017036	267.34056355058914	1391.0730057522928	1067.7580687063246	259.1305710822018	1326.8886397885265	1098.86832036022	262.7139665869307	1361.5822869471508	ok	cpu/event=0xc0,cmask=1,inv=1/	/home/seunghyun/ycsb/workloads/working_set_256mb.properties	/home/seunghyun/ycsb/results/chiplet_ycsb_256mib_madracks-mnode5_20260314T060453Z_1429430/runs/elasticsearch/chiplet_x4
2026-03-14T06:59:04Z	madracks-mnode5	amd	elasticsearch	embedded	NO_RETIRED_INST_CYCLES	user	chiplet_x5	60	0,1,2,3,4,7,8,9,10,11,14,15,16,17,18,21,22,23,24,25,28,29,30,31,32,35,36,37,38,39,42,43,44,45,46,49,50,51,52,53,56,57,58,59,60,63,64,65,66,67,70,71,72,73,74,77,78,79,80,81	0,0,0,0,0,0,0,0,0,0,0,0,0,0,0,0,0,0,0,0,0,0,0,0,0,0,0,0,0,0,0,0,0,0,0,0,0,0,0,0,0,0,0,0,0,0,0,0,0,0,0,0,0,0,0,0,0,0,0,0	False	256	15360	262144	15728640	10000	600000	1	1	1	1	1014	1024	READ	600000	282.23921	33.0	42687.0	113.0	465.0	5387.0	8179.0	15615.0	677938650886	935734133927	1346085493453	418097.0	90572.87573999492	7528.648915991653	79695.5744244543	372410.0	57660.0	63103820157	13743887175		7.5276397509733215	11605.579691172316	3212.016920293466	14817.596611465782	1462.5035257685101	409.6882876794139	1872.191813447924	1464.0863968406259	412.57488278302066	1876.6612796236466	1438.555477801852	390.3506577925746	1828.9061355944266	1440.788293314626	392.96956265724117	1833.757855971867	1482.2111503495319	407.1549642314372	1889.366114580969	1406.697043409098	392.6660263317841	1799.363069740882	1462.6612371977885	406.2719391470204	1868.933176344809	1448.0765664902854	400.3405996709737	1848.417166161259	ok	cpu/event=0xc0,cmask=1,inv=1/	/home/seunghyun/ycsb/workloads/working_set_256mb.properties	/home/seunghyun/ycsb/results/chiplet_ycsb_256mib_madracks-mnode5_20260314T060453Z_1429430/runs/elasticsearch/chiplet_x5
2026-03-14T07:09:48Z	madracks-mnode5	amd	elasticsearch	embedded	NO_RETIRED_INST_CYCLES	user	chiplet_x6	72	0,1,2,3,4,5,7,8,9,10,11,12,14,15,16,17,18,19,21,22,23,24,25,26,28,29,30,31,32,33,35,36,37,38,39,40,42,43,44,45,46,47,49,50,51,52,53,54,56,57,58,59,60,61,63,64,65,66,67,68,70,71,72,73,74,75,77,78,79,80,81,82	0,0,0,0,0,0,0,0,0,0,0,0,0,0,0,0,0,0,0,0,0,0,0,0,0,0,0,0,0,0,0,0,0,0,0,0,0,0,0,0,0,0,0,0,0,0,0,0,0,0,0,0,0,0,0,0,0,0,0,0,0,0,0,0,0,0,0,0,0,0,0,0	False	256	18432	262144	18874368	10000	720000	1	1	1	1	1014	1024	READ	720000	293.53192222222225	34.0	39935.0	117.0	503.0	5447.0	8215.0	17135.0	836169609700	1150029516819	1643136196934	513778.0	106020.64743239648	7801.726071978919	92287.26993965977	456820.0	70090.0	76798800509	16694045127		7.800727806985378	14840.959176244696	4450.399621431969	19291.358797676665	1850.6029153657778	554.6874036839051	2405.2903190496827	1818.5146181007767	547.2851402770882	2365.799758377865	1825.3801547771584	541.1329402040875	2366.513094981246	1873.741476804529	564.4016352334302	2438.1431120379593	1861.5195759718513	550.0673013005686	2411.5868772724198	1915.432701182249	577.9465296066285	2493.3792307888775	1844.9067618573042	551.5166884210804	2396.4234502783847	1850.8609721850476	563.3619827051807	2414.2229548902283	ok	cpu/event=0xc0,cmask=1,inv=1/	/home/seunghyun/ycsb/workloads/working_set_256mb.properties	/home/seunghyun/ycsb/results/chiplet_ycsb_256mib_madracks-mnode5_20260314T060453Z_1429430/runs/elasticsearch/chiplet_x6
2026-03-14T07:22:01Z	madracks-mnode5	amd	elasticsearch	embedded	NO_RETIRED_INST_CYCLES	user	chiplet_x7	84	0,1,2,3,4,5,6,7,8,9,10,11,12,13,14,15,16,17,18,19,20,21,22,23,24,25,26,27,28,29,30,31,32,33,34,35,36,37,38,39,40,41,42,43,44,45,46,47,48,49,50,51,52,53,54,55,56,57,58,59,60,61,62,63,64,65,66,67,68,69,70,71,72,73,74,75,76,77,78,79,80,81,82,83	0,0,0,0,0,0,0,0,0,0,0,0,0,0,0,0,0,0,0,0,0,0,0,0,0,0,0,0,0,0,0,0,0,0,0,0,0,0,0,0,0,0,0,0,0,0,0,0,0,0,0,0,0,0,0,0,0,0,0,0,0,0,0,0,0,0,0,0,0,0,0,0,0,0,0,0,0,0,0,0,0,0,0,0	False	256	21504	262144	22020096	10000	840000	1	1	1	1	1014	1024	READ	840000	278.1170916666667	34.0	38271.0	105.0	454.0	5403.0	8279.0	17567.0	960986953097	1317139144396	1861960801437	588546.8600000001	125652.4359923411	7900.835159001872	106317.87438862587	526060.0	93890.0	87114745950	18682963202		7.900003170012496	17623.446270385186	5604.558467919691	23228.004738304877	2235.6050970404467	714.2447625958293	2949.849859636276	2205.79791442411	703.6311163034145	2909.429030727524	2191.784170912677	692.4335183193908	2884.2176892320676	2143.6163845087885	680.9295626037693	2824.5459471125578	2192.6957692353217	702.264763756355	2894.9605329916767	2221.059277836417	710.5643982325487	2931.623676068966	2188.745158305739	686.9978608263935	2875.7430191321328	2244.1424981216874	713.4924852819896	2957.634983403677	ok	cpu/event=0xc0,cmask=1,inv=1/	/home/seunghyun/ycsb/workloads/working_set_256mb.properties	/home/seunghyun/ycsb/results/chiplet_ycsb_256mib_madracks-mnode5_20260314T060453Z_1429430/runs/elasticsearch/chiplet_x7
